id,field_id,content,answer,explanation,image
1,1,道路交通法の目的は、道路における危険を防止し、交通の安全と円滑を図り、交通によって起る障害の防止を図ことにある。,TRUE,道路交通法は、道路交通の基本となるもので、危険を防止し、交通の安全と円滑を図り、交通公害（障害）の防止を図るという目的があります。,
2,1,幼児を自動車に乗せるときは、病気などやむを得ない場合を除き、幼児の発育の程度に応じた形状のチャイルドシートを使用しなければならない。,TRUE,幼児を自動車に乗せるときは、幼児の体格に合ったチャイルドシートを使用しなければなりません。しかし、病気などやむを得ない理由がある場合は除かれます。,
3,1,二輪車は、手軽な乗であるから、半そでのシャツや半ズボンなどの軽装で乗車したほうがよい。,FALSE,二輪車を運転するときは、身体の露出がなるべく少なるよう、長そで長ズボンを着用して運転しましょう。,
4,1,道路交通法の目的の一つに「道路における危険を防止し、その他交通の安全と円滑を図る」というものがある。,TRUE,設問のとおりです。道路交通法には、「道路における危険を防止し、その他交通の安全と円滑を図る」という目的があります。,
5,1,やむを得ず携帯電を使用するときは、車を安全な場所に止めてから使用するようにする。,TRUE,設問のとおりです。走行中に携帯電話を使用してはいけません。,
6,1,シートベルトは、多少ねじれていても効果はかわらないので、気にしなくともよい。,FALSE,シートベルトは、ねじれて巻くとかえって危険になります。ねじれがないよう、正く着用しなければいけません。,
7,1,二輪車の乗車用ヘルメットは、ＰＳ（Ｃ）マークやＪＩＳマークなどのついた安全なものを使用する。,TRUE,ＰＳ（Ｃ）マークやＪＩＳマークなどのついた乗車用ヘルメットを使用しましょう。,
8,1,車を運転する場合は、ただ単に運転ができればよいというものではなく、まわりの歩行者や車の動きに注意し、相手の立場にたって思いやりの気持を持つことが必要である。,TRUE,車を運転するときは、譲り合いと思いやりの気持をもつようにしましょう。,
9,1,自動車に６歳未満の幼児を乗せて運転するときは、チャイルドシートを使用して、できるだけ後部座席に乗るのが安全である。,TRUE,６歳未満の幼児を自動車に乗せるときは、チャイルドシートを使用し、できるだけ後部座席に乗せましょう。,
10,1,運転に自信があれば、車を運転中に携帯電話を使用してもよい。,FALSE,運転中に携帯電話を使用してはいけません。,
11,1,シートの前後の位置は、クラッチを踏み込んだとき、ひざがまっすぐに伸びた状態に合わせるとよい。,FALSE,シートの前後の位置は、クラッチを踏み込んだとき、ひざがわずかに曲がる程度に調節します。,
12,1,運転者はやむを得ない理由がある場合を除き、後部座席にシートベルトを装着しない者を乗せて運転してはならない。,TRUE,設問のとおりです。しかし負傷や病気、妊娠中などやむを得ない理由がある場合は除かれます。,
13,1,二輪車の乗車用ヘルメットは、工事用の安全帽でもよい。,FALSE,二輪車の乗車用ヘルメットは、ＰＳ（Ｃ）マークかＪＩＳマークのついたものを着用しなければなりません。工事用ヘルメットは、乗車用ヘルメットではありません。,
14,1,夜間、運転中に眠気を感じたら窓をあけて新鮮な空気を入れ、少しでも眠くなったら安全な場所に車を止め、短時間でも仮眠をするか休息をとって眠気をさましてから運転をする。,TRUE,設問のとおりです。安全な場所に車を止め、十分休息してから運転しましょう。,
15,1,二輪車に乗るときは、四輪車の運転者から見落とされることがよくあるので、目につきやすい色の服装やヘルメットを着用する。,TRUE,目につきやすい色の服装やヘルメットを着用し、視認性を高めるようにしましょう。視認性を高めることは、自分の身を守ることにつながります。,
16,1,四輪車で同乗者が不用意に開けたドアにより起きた事故は、運転者にも責任がある。,TRUE,四輪車で同乗者が不用意に開けたドアにより起きた事故は、運転者にも責任がある。,
17,1,他の交通に迷惑をかけないようにしたり、危険を与えないように気配りすることは、交通ルールを守ることにつながる。,TRUE,設問のとおりです。交通ルールは、迷惑防止や安全確保を考えて定められています。,
18,1,ごく少量の酒を飲んだが、酔わない自信があったので、慎重に運転した。,FALSE,たとえ少量であっても、酒を飲んで車を運転してはいけません。,
19,1,車を運転する場合は、ただ単に運転ができればよいというものではなく、まわりの歩行者や車の動きに注意し、相手の立場にたって思いやりの気持ちを持つことが必要である。,TRUE,車を運転する場合は、ただ単に運転ができればよいというものではなく、まわりの歩行者や車の動きに注意し、相手の立場にたって思いやりの気持ちを持つことが必要である。,
20,1,やむを得ず携帯電話を使用するときは、車を安全な場所に止めてから使用するようにする。,TRUE,設問のとおりです。走行中に携帯電話を使用してはいけません。,
21,1,幼児を自動車の後部座席に乗せると目がとどかないので、前部座席に乗せるようにしたほうがよい。,FALSE,子どもは安全性の面からも後部座席に乗せた方が良いとされています。補助装置を用いて、後部座席に乗せるようにしましょう。,
22,1,シートベルトは、助手席の同乗者はもちろん後部座席の同乗者にも着用させなければならない。,TRUE,運転者は、やむを得ない理由がある場合を除き、すべての同乗者に対してシートベルトを着用させなければなりません。,
23,1,シートベルトは、多少ねじれていても効果はかわらないので、気にしなくともよい。,FALSE,シートベルトは、ねじれて巻くとかえって危険になります。ねじれがないよう、正しく着用しなければいけません。,
24,1,病気のときや心配ごとがあるときは、運転をひかえるか、体の調子を整えてから運転する。,TRUE,設問のとおりです。運転を控えるか、体調を整えてから運転するようにします。,
25,1,走行中の携帯電話の使用は大変危険なので、運転する前に電源を切るなどして呼び出し音が鳴らないようにしておく。,TRUE,設問のとおり、走行中は、原則として携帯電話を使用してはいけません。,
26,1,自分で酔っていないと思う程度の少量なら、酒を飲んで運転してもよい。,FALSE,たとえ少量であっても、酒を飲んで車を運転してはいけません。,
27,1,運転に自信があれば、車を運転中に携帯電話を使用してもよい。,FALSE,運転中に携帯電話を使用してはいけません。,
28,1,子どもを後部座席に乗せると、子どもにとって非常に危険であるから前の席に乗せ、目のとどくところにおいた方がよい。,FALSE,子どもは安全性の面からも後部座席に乗せた方が良いとされています。,
29,1,交通事故を起こしてしまった場合には、刑事上、行政上、民事上の責任を負わなければならないことになる。,TRUE,設問のとおりです。刑事上、行政上、民事上の三つの責任を負うことになります。,
30,1,子どもを前部座席に乗せることは、危険であるばかりでなく、運転操作の支障にもなるので、後部座席に乗せた方がよい。,TRUE,設問のとおりです。子どもは安全性の面からも後部座席に乗せた方が良いとされています。,
31,2,図のような警察官の手信号に対面する交通は、いずれも同じ意味である。,TRUE,いずれも信号機の赤色の灯火と同じ意味を表あらわします。,Qimage2-1_18-13.png
32,2,信号機の信号が赤色の点滅をしているときは、車は停止位置で必ず一時停止し、安全を確認したあとに進むことができる。,TRUE,赤色の点滅信号のときは、必ず一時停止して、安全を確かめなければなりません。,
33,2,対面する信号が「青色の灯火の矢印」のときは、軽車両だけが矢印の方向に進行することができる。,FALSE,車は青色の矢印方向へ進めますが、右向の矢印のときは、軽車両と二段階右折の原動機付自転車は進めません。,
34,2,対面する信号が図のような右向きの青色の灯火の矢印のとき、自動車は転回してはいけない。,FALSE,右向の青色の灯火の矢印のとき、自動車は右折と転回することができます。,Qimage2-4_2-26_19-23_35-78_36-48.png
35,2,警察官が腕を水平に上げているときは、身体に対面する交通は赤色の灯火の信号と同じ意味である。,TRUE,身体に対面する交通は、赤色の灯火と同じ意味です。身体に平行する交通は、青色の灯火と同じ意味です。,
36,2,交通巡視員が、信号機のある交差点で、信号機の信号と異なる意味の手信号をしたときは、信号機の信号に従がって通行する。,FALSE,交通巡視員が信号機と異なった手信号をしているときは、交通巡視員の手信号に従がいます。,
37,2,図の標示板のある交差点では、信号が黄色や赤色であっても、歩行者などに注意して左折することができる。,TRUE,図の標示板は「左折可」を表わします。信号が赤色や黄色でも、左折することができます。,Qimage2-7_2-18.png
38,2,交差点で警察官が「止まれ」の手信号をしていたので、警察官の１メートル手前で停止した。,FALSE,設問の場合は、停止線があればその直前、停止線がないところでは、交差点の直前で停止しなければなりません。,
39,2,交差点以の場所で横断歩道や自転車横断帯も踏切もないところに信号機があるときの停止位置は、信号機の直前で停止する。,TRUE,設問のとおりです。信号機の直前（信号が見える位置）で停止しなければなりません。,
40,2,車を運転して交差点に近づいたとき、対面する警察官が横に水平に上げていた両腕を垂直に上げる手信号をしたので、交差点の直前で停止した。,TRUE,警察官の手信号は、対面する方向は赤色、平行する方向は黄色の灯火と同じ意味です。,
41,2,黄色の信号の灯火のときは、歩行者、車や路面電車は、原則として停止位置から先に進んではいけない。,TRUE,黄色の灯火信号のときは、停止位置から先に進んでは行けません。停止位置に近づいていて、安全に停止できないときだけ進行できます。,
42,2,交差点以外で、横断歩道などがないところに信号機があるときの停止位置は、信号機の１メートル手前である。,FALSE,設問の場合の停止位置は、信号機の直前（信号の見える位置）です。警察官等の場合が１メートル手前です。,
43,2,正面の信号が赤色の点滅を表示しているときは、他の交通に注意すれば徐行して交差点に入ることができる。,FALSE,一時停止して安全を確かめます。,
44,2,図の警察官の手信号で、警察官の身体に対面する交通に対しては、黄色の灯火信号と同じ意味である。,FALSE,警察官の身体に対面する交通は、赤色の灯火信号と同じ意味を表します。,Qimage2-14.png
45,2,道路の左端や信号機に左折可の標示板のある交差点では横断中の歩行者に優先して左折ができる。,FALSE,信号機の信号に従って進行している歩行者、自転車、その他の車の通行を妨げてはいけません。,
46,2,信号が赤の点滅を示しているとき、車は一時停止して安全を確認したあとに進むことができる。,TRUE,信号が赤色の点滅のときは、必ず一時停止し、安全を確かめてから進行します。,
47,2,信号が赤の点滅を示しているとき、車は一時停止して安全を確認したあとに進むことができる。,FALSE,正面と背面に対面する車は、赤信号と同じ意味なので、直進はもちろん右折や左折もできません。,
48,2,図の標示板のある交差点では、信号が黄色や赤色であっても、歩行者などに注意して左折することができる。,TRUE,図の標示板は「左折可」を表します。信号が赤色や黄色でも、左折することができます。,Qimage2-7_2-18.png
49,2,正面の信号が赤色の点滅を表示しているときは、他の交通に注意すれば徐行して交差点に入ることができる。,FALSE,一時停止して安全を確かめます。,
50,2,交差点内を通行中、前方の信号が黄色に変わったときは、車はその場所で停止しなければならない。,FALSE,設問の場合、交差点内で停止してしまうと、他の交通を妨害することになるので、そのまま進むことができます。,
51,2,交差点で警察官が両腕を水平に上げているとき、警察官に平行する方向の交通は、信号機の赤色の灯火と同じ意味である。,FALSE,平行する方向は青色、対面する方向は赤色の灯火と同じ意味です。,
52,2,警察官などが信号機の信号と違った手信号をした場合は、信号機の信号に従うようにする。,FALSE,信号機と異なった手信号をしているときは、警察官などの手信号に従います。,
53,2,警察官などの手信号と信号機の信号が違っているときは、信号機の信号に従う。,FALSE,信号機と異なった手信号をしているときは、警察官などの手信号に従います。,
54,2,交差点内を通行していて、前方の信号が黄色の灯火に変わったときは、車はその場で停止しなければならない。,FALSE,設問の場合、交差点内で停止してしまうと、他の交通を妨害することになるので、そのまま進むことができます。,
55,2,交差点以外で、横断歩道などがないところに信号機があるときの停止位置は、信号機の１メートル手前である。,FALSE,設問の場合の停止位置は、信号機の直前（信号の見える位置）です。警察官等の場合が１メートル手前です。,
56,2,図の信号のあるところでは、自動車、原動機付自転車、軽車両は右折することができる。,FALSE,二段階右折する原動機付自転車と軽車両は右折することができません。,Qimage2-4_2-26_19-23_35-78_36-48.png
57,2,信号機は横の信号が赤の場合、前方の信号は必ず青なので横の信号を見て進むとよい。,FALSE,横の信号が赤でも正面の信号が青にならない場合があります。正面の信号を見て行動しましょう。,
58,2,信号機の青色の灯火信号は「進め」の命令なので、前方の交通に関係なくすぐに発進しなければならない。,FALSE,青信号は「進め」の命令ではありません。「進むことができる」という意味です。渋滞などで交差点内に止まるおそれがある場合は、進んではいけません。,
59,2,図の信号のときは、自動車は直進と左折をすることができるが、右折するときは、右向きの青矢印が出るまで交差点の手前の停止位置で停止していなければならない。,TRUE,設問のとおりです。右の矢印信号が出るまで、停止していなければなりません。,Qimage2-29.png
60,2,警察官が腕を垂直に上げているときは、警察官の正面に対面する交通は停止して、他の交通は注意して進むことができる。×,FALSE,警察官に平行する交通に対しては、黄色の灯火信号と同じ意味です。,
61,3,図の標識は、「転回禁止」を示したものである。,FALSE,「車両横断禁止」を表す規制標識です。車は横断してはいけません。,Qimage3-1_10-7_15-43_16-6_18-34.png
62,3,図の標識は、横風でハンドルをとられやすいところであることを表している。,FALSE,この標識は「すべりやすい」の標識で、この先の道路がすべりやすいので警戒を促しています。,Qimage3-2_17-42_19-28.png
63,3,図の標識は、「矢印の方向への一方通行」を意味する。,FALSE,この標識は、「指定方向外進行禁止」を示す標識です。,Qimage3-3_3-19_16-4.png
64,3,図の標識がある交差点では、大型貨物自動車、特定中型貨物自動車、大型特殊自動車以外の車は、標識に関係なく直進や右左折をすることができる。,TRUE,設問のとおりです。補助標識の「大貨等」とは、大型貨物自動車と特定中型貨物自動車、大型特殊自動車のことを示します。それ以外の車は、標識に関係なく直進や右左折をすることができます。,Qimage3-4_16-8.png
65,3,交通が混雑しているため警察官が通行方法を命じることがあるが、交通規則を守っていれば警察官の指示に従う必要はない。,FALSE,警察官は、混雑緩和のため必要な指示をすることがあるので、その指示には従って通行しなければなりません。,
66,3,図の標識は、この先に逆Ｙ字型交差点があることを表している。,FALSE,この標識は、合流交通があることを表します。,Qimage3-6.png
67,3,図の標識は、軽車両以外の車は通行止めを意味するものである。,FALSE,「二輪の自動車以外の自動車通行止め」を表す標識です。自動二輪車、原動機付自転車、軽車両は通行できます。,Qimage3-7_3-11_3-27_19-3.png
68,3,図の標示は、この中に車を乗り入れてはならないことを表している。,TRUE,設問のとおりです。この標示は、「立入禁止部分」を表し、車はこの標示の中に入ってはいけません。,Qimage3-8_17-38.png
69,3,図の標識は、トンネルや切り通しなどの出口に見られ、横風のためハンドルがとられやすいから注意することを表している。,TRUE,設問のとおりです。「横風注意」の標識です。横風のためハンドルがとられやすいので注意を促しています。,Qimage3-9.png
70,3,この標識は、「車両進入禁止」を表している。,TRUE,設問のとおりです。「車両進入禁止」を表し、一方通行の出口などに設けられ、車は標識の方向からは進入することができません。,Qimage3-10_3-12_3-14_15-48.png
71,3,図の標識は、「二輪の自動車以外の自動車通行止め」を表している。,TRUE,設問のとおりです。二輪の自動車と原動機付自転車は通行できます。,Qimage3-7_3-11_3-27_19-3.png
72,3,この標識は、「車両進入禁止」を表している。,TRUE,設問のとおりです。「車両進入禁止」を表し、一方通行の出口などに設けられ、車は標識の方向からは進入することができません。,Qimage3-10_3-12_3-14_15-48.png
73,3,図のような標示があるときは、その前方に交差点があることを示している。,FALSE,この標示は、「前方に横断歩道または自転車横断帯あり」を示しています。,Qimage3-13_3-17_17-22.png
74,3,この標識は、「車両通行止め」であり、自動車は通行できないという意味を表している。,FALSE,この標識は、「車両進入禁止」です。一方通行の出口などに設けられ、車は標識の方向から進入することができません。,Qimage3-10_3-12_3-14_15-48.png
75,3,本標識には、規制標識、指示標識、警戒標識、案内標識および補助標識の５種類がある。,FALSE,本標識は４種類あります。補助標識は本標識の部類には含まれず、本標識の意味を補足するものです。,
76,3,図の標識は、自動二輪車の通行は禁止されているが、原動機付自転車であれば通行できる。,FALSE,図の標識は、「二輪の自動車、原動機付自転車通行止め」を表し、二輪の自動車と原動機付自転車は通行できません。,Qimage3-16.png
77,3,この標示は、前方に横断歩道か自転車横断帯があることを示している。,TRUE,横断歩道か自転車横断帯があることを示す標示で、運転者に注意を促しています。,Qimage3-13_3-17_17-22.png
78,3,図の標識は、車線数の減少を予告しているので、最も左側の車線を進行中の車は、右側車線に移る準備をする。,TRUE,「車線数減少」の警戒標識です。左側の車線を走行している車は、早めに右側の車線に進路を変えましょう。,Qimage3-18.png
79,3,図の標識は、「矢印の方向への一方通行」を意味する。,FALSE,この標識は、「指定方向外進行禁止」を示す標識です。,Qimage3-3_3-19_16-4.png
80,3,図の標示は、「普通自転車の交差点進入禁止」を表している。,TRUE,設問のとおりです。「普通自転車の交差点進入禁止」を示す標示で、普通自転車が交差点に進入してはならないことを表します。,Qimage3-20_16-11.png
81,3,図の標識は、「追越しのため右側部分はみ出し通行禁止」区間の「終わり」を表している。,FALSE,図の標識は、「追越しのため右側部分はみ出し通行禁止」区間の「始まり」を表しています。,Qimage3-21.png
82,3,図の標識は、「自転車通行止め」を表したものである。,TRUE,設問のとおりです。自転車の通行はできません。,Qimage3-22.png
83,3,この標識は、積荷や人を含めた車両全体の重さが５.５トンを超える車の通行ができないことを意味している。,TRUE,設問のとおりです。車両総重量が５.５トンを超える車は通行できないことを意味しています。,Qimage3-23.png
84,3,図の標示は、交差点での右折の通行方法を示している。,TRUE,設問のとおりです。この標示のある交差点は矢印に沿って右折をしなければなりません。,Qimage3-24.png
85,3,図の標識は中央線を示しているが、中央線は必ず道路の中央に引かれてあるとは限らない。,TRUE,設問のとおりです。中央線は時間帯や道路工事などで移動することがあります。,Qimage3-25_15-16.png
86,3,図の標識は、この先の道路が「二方向交通」になっていることを表している。,TRUE,設問のとおりです。この標識は、「二方向交通」を表し、反対方向からも車がくる対面通行になっています。,Qimage3-26.png
87,3,図の標識のある道路では、普通乗用自動車だけの通行を禁止している。,FALSE,「二輪の自動車以外の自動車通行止め」の標識で、二輪の自動車（大型自動二輪車や普通自動二輪車など）は通行できますが、その他の自動車は通行できません。,Qimage3-7_3-11_3-27_19-3.png
88,3,図の標識は、大型貨物自動車と特定中型貨物自動車は通行できないが、大型特殊自動車は通行できることを表している。,FALSE,「大型貨物自動車等通行止め」を表します。大型貨物自動車と特定中型貨物自動車に加え、大型特殊自動車も通行できません。,Qimage3-28_15-36_15-38_15-50_16-21_17-32_19-9_35-90_36-57.png
89,3,図の標識は、前方に何かその他の危険があることを表している。,TRUE,「その他の危険」を表す標識で、前方に何かその他の危険があることを表しています。,Qimage3-29.png
90,3,道路の左端を進行中、図のような標識のあるところにさしかかったときは、道幅が狭くなることを表すものであるから、後方からの車に十分注意しなければならない。,TRUE,図は、「幅員減少」の警戒標識であり、接触事故が起きないように注意しましょう。,Qimage3-30_18-21.png
91,4,歩行者用道路では、通行が許可された車以外であっても、歩行者に注意して徐行すれば通行してもよい。,FALSE,歩行者用道路は、通行を許可された車以外は通行してはいけません。,
92,4,この標識のあるところでは、自転車以外の車は通行できない。,TRUE,「自転車及び歩行者専用」の標識であり、普通自転車と歩行者以外は通行できません。,Qimage4-2.png
93,4,道路に面した車庫に入るため歩道を横切るときは、その直前で一時停止しなければならない。,TRUE,歩道を横切る場合はその直前で一時停止して歩行者の通行を妨げてはいけません。,
94,4,四輪車は、歩道や路側帯のない道路では、路端から０.５メートルの部分にはみ出して通行してはいけない。,TRUE,四輪車は路肩（路端から０.５メートルの部分）の通行が禁止されています。,
95,4,車は、歩道や路側帯と車道の区別のある道路では、車道を通行しなければならない。,TRUE,車は、車道を通行しなければなりません。,
96,4,車両通行帯のある道路では、追い越しなどやむを得ない場合のほかは、車両通行帯からはみ出したり、二つの車両通行帯にまたがったりして通行してはならない。,TRUE,追い越しなどでやむを得ない場合以外は、車両通行帯からはみ出したり、車両通行帯をまたがったりして通行してはいけません。,
97,4,図の標識のある場所は、車両のみ通行が禁止されており、歩行者は通行することができる。,TRUE,車両通行止めの標識であり、歩行者は通行できます。,Qimage4-7_16-32_18-29_19-40_35-29_36-76.png
98,4,同一方向に二つの車両通行帯があり、交通量が少ないときは、どちらの通行帯でも自由に通れる。,FALSE,二つの車両通行帯のある道路では交通量に関係なく左側の通行帯を通行し、中央寄りは、右折や追い越しのためあけておきます。,
99,4,車両通行帯のない道路では、追い越しなどでやむを得ない場合のほかは、自動車は道路の左側に寄って通行しなければならない。,TRUE,車は車両通行帯のない道路では、左側に寄って通行します。,
100,4,左側部分の幅が６メートル未満の見通しのよい道路で、他の車を追い越すときは、中央から右側にはみ出して通行することができる。,TRUE,設問のとおりです。道路の左側部分の幅が６メートル未満の見通しのよい道路で、他の車を追い越すときは、右側部分にはみ出して通行することができます。,
101,5,交通が混雑していて、路線バスなどが近づいてきても優先通行帯から出られなくなるおそれがあるときは、普通自動車は初めからその通行帯を通行してはならない。,TRUE,設問のとおりです。交通が混雑していて、路線バスなどが近づいてきたときに優先通行帯から出られなくなるおそれがある場合は、初めからその通行帯を通行してはいけません。,
102,5,近くに交差点がない一方通行の道路で、緊急自動車が近づいてきた場合は、必ず道路の左側に寄り、進路を譲らなければならない。,FALSE,近くに交差点のない一方通行の道路で、左側に寄るとかえって緊急自動車の妨げになるときは、右側に寄って進路を譲ります。,
103,5,停留所に止まっていた路線バスが発進の合図をしていたが、まだ発進しなかったのでその側方を通過した。,FALSE,停留所で路線バスが発進の合図をしているときは、後車はその発進を妨げてはいけません。,
104,5,右左折する場合や道路工事などでやむを得ないときは、路線バスなどの専用通行帯に入ってもよい。,TRUE,設問のとおりです。路線バスなどの専用通行帯であっても、右左折する場合や道路工事などでやむを得ないときは、通行することができます。,
105,5,交差点付近を走行中、緊急自動車が近づいて来たので、交差点をさけ左側に寄って徐行して進路を譲った。,FALSE,交差点付近を走行中、緊急自動車が近づいて来たので、交差点をさけ左側に寄って徐行して進路を譲った。,
106,5,図の標識がある通行帯は、路線バスなど以外の自動車も通行することができるが、路線バスなどが近づいてきたときは、すみやかにそこから出なければならない。,TRUE,路線バスなどの優先通行帯は、指定された以外の車も通行することができますが、路線バスなどが接近してきたら、そこから出なければなりません。,Qimage5-6.png
107,5,交差点やその付近で緊急自動車が近づいてきたときは、交差点をさけて一時停止しなければならないが、近くに交差点のない道路では、左に寄って進路を譲ればよい。,TRUE,設問のとおりです。交差点やその付近以外のところでは、一時停止する必要はありません。,
108,5,設問のとおりです。バス専用通行帯であっても、右左折する場合や道路工事でなどでやむを得ない場合は、通行することができます。,TRUE,バス専用通行帯は普通車、大型車などは通行してはならないが、右左折する場合は通行してもよい。,
109,5,交差点の中で後方から緊急自動車が接近してきたことを知ったときは、直ちにその場に停止しなければならない。,FALSE,交差点の中で後方から緊急自動車が接近してきたときは、まず交差点から出なければなりません。その後、左側に寄って一時停止する必要があります。,
110,5,交差点またはその付近以外のところで緊急自動車が接近してきたときは、道路の左側に寄って一時停止しなければならない。,FALSE,設問の場合は、必ずしも一時停止する必要はなく、道路の左側に寄って進路を譲ります。,
111,6,交差点において、交差道路へ入ろうとする場合、交差道路が優先道路であるときは、必ず一時停止しなければならない。,FALSE,優先道路へ入るときは、徐行して交差する道路を通行する車の進行を妨げないようにします。必ずしも、一時停止する必要はありません。,
112,6,車両通行帯のある道路で、指定された区分に従って通行しているときに緊急自動車が近づいてきても、そのまま進行してもよい。,FALSE,緊急自動車に進路を譲るときは、指定区分から離れてでも進路を譲り、緊急自動車が通過してから指定区分へ戻ります。,
113,6,踏切の手前で一時停止して列車がこないことを確かめれば、踏切の向こう側の交通状況に関係なく踏切に入ってもかまわない。,FALSE,踏切の向こう側が混雑しているときは入ってはいけません。,
114,6,図のような交通整理の行われていない道幅が違う交差点では、普通自動車は路面電車に進路を譲らなければならない。,FALSE,設問の場合は、道幅の広い道路を通行する普通自動車が優先です。路面電車は、普通自動車に進路を譲らなければなりません。,Qimage6-4_16-10.png
115,6,交差点で右折する場合、自分の車が先に交差点に入っていても、反対方向からの直進車や左折車の通行を妨げてはならない。,TRUE,設問のとおりです。反対方向からの直進車や左折車の通行を妨げてはいけません。,
116,6,自動車で右折しようとするときは、図の矢印のような進路をとって右折する。,FALSE,右折するときは、あらかじめ道路の中央に寄って右折しなければなりません。,Qimage6-6.png
117,6, 優先道路を走行中の車は、交差する道路から優先道路に入ろうとする車がある場合、車は必ず停止して譲るので、速度を落とさず注意しないで進行してもよい。,FALSE,徐行や停止する義務はありませんが、速度を落とし十分注意して進行する必要があります。,
118,6,図の標識は、「原動機付自転車の右折方法（小回り）」を表している。,TRUE,設問のとおりです。この標識のある交差点では、原動機付自転車は小回り（自動車と同じ方法）で右折します。,Qimage6-8.png
119,6,二段階右折する原動機付自転車は、右折する場所へ直進するまで右へ方向指示器を出さなければならない。,TRUE,設問のとおり、右折する場所へ直進するまで方向指示器を出し、右折する地点で右に向きを変え、ここで合図を止めます。,
120,6,優先道路とは、図の標識のある道路や、交差点の中まで中央線（センターライン）や車両通行帯が設けられている道路をいう。,TRUE,図の標識は「優先道路」であることを表します。,Qimage6-10_15-15_15-19_16-18.png
121,7,一般道路での大型貨物自動車、中型貨物自動車、および普通貨物自動車の法定速度は、６０キロメートル毎時である。,TRUE,一般道路での法定最高速度は、貨物や乗用にかかわらず、自動車はすべて６０キロメートル毎時です。,
122,7,道路の曲がり角付近は、見通しの悪いところは徐行しなければならないが、見通しのよいところでは徐行しなくてもよい。,FALSE,道路の曲がり角付近は、見通しがよい悪いにかかわらず徐行しなければなりません。,
123,7,道路の曲がり角付近は、見通しが悪いときに限り徐行しなければならない。,FALSE,道路の曲がり角付近は、見通しがよい悪いにかかわらず徐行しなければなりません。,
124,7,急ブレーキは、危険を避けるための非常手段として使うもので、やむを得ないとき以外にはかけてはならない。,FALSE,設問のとおりです。危険を避けるためやむを得ない場合のほかは、急ブレーキをかけてはいけません。,
125,7,時速６０キロメートルで走行している普通乗用自動車の停止距離は、路面が乾燥している場合は約３０メートルである。,FALSE,時速６０キロメートルで走行中の普通乗用自動車の停止距離は、路面が乾燥している場合、約４４メートルです。,
126,7,この標識のある道路でも、原動機付自転車は３０キロメートル毎時を超える速度で運転してはならない。,TRUE,設問のとおりです。規制速度が５０キロメートル毎時であっても、原動機付自転車は法定速度を超えてはいけません。,Qimage7-6.png
127,7,徐行とは最高速度の２分の１以下の速度で進行することをいう。,FALSE,徐行とは、車がすぐに停止できるような速度で進行することをいいます。,
128,7,空走距離は、路面に関係ないが、制動距離は速度や路面とタイヤの摩擦に大きな関係がある。,TRUE,設問のとおりです。制動距離は、速度や路面とタイヤの摩擦に大きな関係があります。,
129,7,上り坂の頂上付近では、必ずしも徐行する必要はない。,TRUE,上り坂の頂上付近は、見通しが悪く危険な場所であり、必ず徐行しなければならない場所です。,
130,7,道路が雨に濡れ、タイヤがすり減っている場合の停止距離は、乾燥した路面でタイヤの状態が良い場合に比べて２倍程度に伸びることがある。,TRUE,設問のとおりです。乾燥した路面でタイヤの状態が良い場合に比べて、停止距離が２倍程度に伸びることがあります。,
131,8,一方通行路を通行中、進行方向の左側に幼児がひとり歩きしていたので、右側に寄り徐行して通過した。,TRUE,子どものそばを通行するときは、徐行や一時停止をして通行します。また、一方通行路は右側通行ができます。,
132,8,車いすで通行している人、白や黄のつえを持った人や盲導犬を連れた人が歩いているとき、高齢で歩行に支障がある人が歩いているときは、一時停止または徐行してそれらの人が安全に通れるようにしなければならない。,TRUE,このような人が歩いていた場合は、一時停止か徐行して、安全に通行できるようにします。,
133,8,歩行者や自転車の側方を通るときは、必ず徐行しなければならない。,FALSE,歩行者のそばを通るときは、安全な間隔がとれれば徐行する必要はありません。,
134,8,急発進、急加速、空ぶかしなどで著しく他人に迷惑を及ぼす騒音を出すような車の運転は禁止されている。,TRUE,他人に迷惑を及ぼすような運転は、してはいけません。,
135,8,「高齢者マーク」や「身体障がい者マーク」を付けている車を追い越したり追い抜いたりすることは禁止されている。,TRUE,幅寄せや割込みは禁止されていますが、追い越しや追い抜きは禁止されていません。,
136,8,交通渋滞で停止している車の側方を二輪車で走る場合は、車のかげから歩行者が飛び出したり、停止中の車のドアが急に開いたりすることがあるので、十分注意しなければならない。,TRUE,設問のとおりです。急な飛び出しなどに備えて、十分注意して通行しましょう。,
137,8,人の乗り降りのため停止している通学通園バスのそばを通るときは、徐行して安全を確かめなければならない。,TRUE,急な飛び出しに備え、徐行して安全を確かめます,
138,8,他人に迷惑をかけるような大きな騒音を発する急発進や急加速、空ぶかしをしてはならない。,TRUE,設問のとおりです。他人に迷惑をかけるような運転をしてはいけません。,
139,8,整備されていない車を運転しても、それが交通事故の原因になったり、また他の多くの道路を利用する人々に迷惑をかけるようなことにはならない。,FALSE,整備されていない車は事故の原因になったり、騒音などで他人に迷惑をかけたりします。,
140,8,自動車を運転して安全地帯のそばを通るときは、歩行者がいるいないにかかわらず徐行しなければならない。,FALSE,安全地帯に歩行者がいるときは、徐行しなければなりません。歩行者がいない場合は、徐行する必要はありません。,
141,9,図の標識がある道路を通行する場合、警音器を鳴らし続けなければならない。 ,FALSE,図の標識がある区間内で見通しのきかない交差点・曲がり角・上り坂の頂上を通るときに鳴らします。,Qimage9-1.png
142,9,前車を追い越そうとしたところ、前車がそれに気づかず右に進路を変えようとしたので、危険を防止するためやむを得ず警音器を鳴らした。,TRUE,危険を避けるためやむを得ない場合は、警音器を鳴らすことができます。,
143,9,図のような手による合図は、左折か左へ進路を変えようとするときの合図である。 ,FALSE,図の合図は、右折か転回、または右へ進路を変えようとするときの合図です。,Qimage9-3.png
144,9,発進するときは、まず合図を出してから安全確認するのがよい。,FALSE,車の運転行動は、すべて安全確認を最優先します。したがって安全確認、合図、もう一度安全確認して発進します。,
145,9,合図の戻し忘れは、他の交通に迷いを与え、危険を高めることになるので、進路変更などの行為が終わったら、すみやかに合図をやめなければならない。,TRUE,不必要に合図を出し続けてはいけません。,
146,9,警音器は、「警笛鳴らせ」の道路標識がある場所以外では危険をさけるため、やむを得ない場合でも鳴らしてはいけない。,FALSE,「警笛鳴らせ」の標識がなくても、危険をさけるため、やむを得ない場合は鳴らすことができます。,
147,9,四輪車で後退するときに同乗者の誘導を受けると、注意を怠りやすいので自身の判断だけで後退するのがよい。,FALSE,自分でも安全確認をし、更に同乗者に手伝ってもらうのが最も安全です。,
148,9,後退の合図は、後退しようとする約３秒前に行う。,FALSE,後退の合図は、後退しようとするときに行います。ギアをＲ（リバース）の位置に入れると、合図（後退灯がつく）が出ます。,
149,9,進路変更の合図は、３秒前に行い３秒後にやめなければならない。,FALSE,進路変更の合図は、進路を変えようとする３秒前に行い、進路変更が終わったらすみやかに合図をやめなければなりません。,
150,9,駐車していた自動車を発進させるときには、自動車に乗る前に自動車の前後や下を確かめるようにする。,TRUE,設問のとおりです。自動車の前後や下に子どもなどがいないか確かめてから乗車します。,
151,10,車が連続して進行している場合、前の車が交差点や踏切などで停止したり、徐行したりしているのを機会に、その側方を通過して車と車の間に割り込んだり、その前を横切ってはならない。,TRUE,秩序を乱すような行為をしてはいけません。節度ある運転を心がけます。,
152,10,進路を変更すると、後ろからくる車が急ブレーキや急ハンドルで避けなければならないような場合には、進路を変えてはならない。,TRUE,設問のような場合は、進路変更してはいけません。,
153,10,車両通行帯が黄色の線で区画されているところでは、たとえ右折や左折のためであっても、黄色の線を越えて進路を変えてはならない。,TRUE,黄色の線は、進路変更禁止を表しています。しかし、緊急自動車に進路を譲るときや工事中の場合などは、黄色の線でも進路変更できます。,
154,10,車両通行帯が黄色の線で区画されているところでは、緊急自動車が接近してきても、黄色の線を越えて進路変更してはならない。,FALSE,黄色の線の車両通行帯は進路変更禁止ですが、緊急自動車に進路を譲るときなどは進路変更ができます。,
155,10,「車両横断禁止」の標識のあるところでは、右側でも左側でも道路に面した場所に出入りするための横断が禁止されている。,FALSE,道路の左側に面した場所に出入りするための横断は禁止されていません。,
156,10,運転中は、みだりに進路を変えてはならない。,TRUE,設問のとおりです。みだりに進路変更してはいけません。,
157,10,図の標識のあるところでも、道路外の施設に入るため、左折して横断することができる。,TRUE,設問のとおりです。図の標識は右横断を禁止しています。左折しての横断はできます。,Qimage3-1_10-7_15-43_16-6_18-34.png
158,10,車は、歩行者の通行や他の車の正常な進行を妨げるおそれがあるときは、横断や転回または後退をしてはならない。,TRUE,横断や転回が禁止されていなくても、正常な進行を妨げるおそれがあるときは、横断や転回をしてはいけません。,
159,10,図の自動車は、図の車両通行帯で矢印のように進路変更してはならない。,FALSE,白の線で区画されている側からは、進路変更できます。,Qimage10-9.png
160,10,前の車が交差点や踏切などで停止や徐行しているときは、その前に割り込んだり、横切ったりしてはならない。,TRUE,設問のとおりです。前の車に割り込んだり、その前を横切ったりしてはいけません。,
161,11,追い越されるときは、追い越しが終わるまで速度をあげない。また追い越しに十分な余地がないときは、できるだけ左に寄って進路を譲らなければならない。,TRUE,設問のとおりです。追い越されるときは、追い越しが終わるまで速度を上げてはいけません。,
162,11,軌道が道路の中央に設けられているところで路面電車を追い越すときは、その左側を通行しなければならない。,TRUE,設問のとおりです。車は、軌道が道路の中央に設けられているところで路面電車を追い越すときは、その左側を通行しなければなりません。,
163,11,横断歩道とその手前３０メートル以内は、追い越し禁止場所である。,TRUE,設問のとおりです。横断歩道とその手前３０メートル以内は、追い越しも追い抜きも禁止されています。,
164,11,図のような交差点の手前３０メートル以内のところで、見とおしがよくて安全を確かめれば、Ｂ車は追い越しをはじめてよい。,FALSE,交差点とその手前３０メートル以内は追い越し禁止場所ですが、図のＢ車の場合、優先道路を通行しているので、追い越しをすることができます。,Qimage11-4_15-9.png
165,11,道路の右側に入って追い越しをする場合に、対向車の進路妨害になったり、追い越した後に道路の左側に戻るとき追い越した車の進行を妨げるような追い越しをしてはならない。,TRUE,設問のような場合は、追い越しをしてはいけません。,
166,11,Ａ車は、前車を追い越すときは中央線をはみ出すことができる。,FALSE,図は、「追越しのための右側部分はみ出し通行禁止」の標示で、右側部分にはみ出して追い越しすることができません。,Qimage11-6.png
167,11,道路の中央に黄色の線が引かれているところでは、追い越しをしてはならない。,FALSE,「追越しのための右側部分はみ出し通行禁止」の標示です。はみ出さなければ追い越しすることができます。,
168,11,追い越しをするときは、法令や道路標識などで定められた最高速度を一時的に超えてもよい。,FALSE,追い越しをするときであっても、速度超過をしてはいけません。,
169,11,上り坂の頂上付近で前車の速度が遅いときは、追い越してもよい。,FALSE,上り坂の頂上付近は追い越し禁止の場所です。,
170,11,図の標識のあるところでは、中央線からはみ出すはみ出さないにかかわらず追い越しをしてはいけない。,TRUE,設問のとおりです。中央線からはみ出すはみ出さないにかかわらず、追い越しをしてはいけません。,Qimage11-10_18-46.png
171,12,進路の前方に障害物があるときは、一時停止か減速をして、反対方向の車に進路を譲る。,TRUE,進路の前方に障害物のある側の車が一時停止するなどして、対向車に道を譲ります。,
172,12,進路の前方に障害物があるときは、あらかじめ一時停止か減速をして、反対方向からの車に道を譲るのがよい。,TRUE,障害物のある側の車が、一時停止や減速をして、反対方向の車に進路を譲ります。,
173,12,対向車と行き違うときは、対向車との間に安全な間隔を保つようにする。,TRUE,設問のとおりです。対向車と行き違うときは、対向車との間に安全な間隔を保たなければなりません。,
174,12,歩行者や自転車と行き違うときは、安全な間隔を保って通行しなければならないが、対向車と行き違うときはその必要はない。,FALSE,対向車と行き違うときも、対向車との間に安全な間隔を保たなければなりません。,
175,12,対向車と行き違うとき、進路の前方に自転車がいたが、自転車を追い越すと左側方に安全な間隔が取れなかったので、一時停止して対向車を先に行かせた。,TRUE,一時停止や減速するなどして、対向車を先に通過させます。,
176,12,道路の片側に障害物があるときに対向車と行き違うときは、障害物のある側の車がいつでも優先する。,FALSE,障害物のある側の車が、反対方向からくる車に道を譲ります。,
177,12,進路前方に障害物がある場所で、対向車と行き違う場合は、その地点に先に進んだ車が優先する。,FALSE,進路の前方に障害物のある側が、あらかじめ一時停止か減速をして反対方向の車に道を譲ります。,
178,12,道路の片側に道路工事などの障害物があるところで対向車と行き違うときは、二輪車は車幅が狭いので、いつでも先に通行してよい。,FALSE,二輪車であっても、障害物のある側の車があらかじめ一時停止か減速をして、対向車に道を譲ります。,
179,12,進路の前方に障害物がある場合、その付近で対向車と行き違うときには、その地点を先に通過することのできる車が優先する。,FALSE,進路の前方に障害物がある側の車が、反対方向の車に進路を譲ります。,
180,12,前方の道路の幅が狭く、対向車と行き違うとき安全な間隔がとれないと判断したので、速度を上げて先に通過した。,FALSE,設問のような場合は一時停止や減速するなどします。譲り合いの気持ちが大切です。,
181,13,大型特殊免許では、大型特殊自動車のほか大型自動車、原動機付自転車、小型特殊自動車を運転することができる。,FALSE,大型特殊免許で運転できるのは、大型特殊自動車のほか原動機付自転車、小型特殊自動車のみで、大型自動車は運転することができません。,
182,13,普通自動車や中型自動車、大型自動車や大型特殊自動車で車両総重量７５０キログラムを超える:車（故障車を除く）をけん引するときは、けん引する自動車の免許のほかにけん引免許が必要である。,TRUE,設問のとおりです。車両総重量７５０キログラムを超える:車（故障車を除く）をけん引するときは、けん引する自動車の免許のほかにけん引免許が必要です。,
183,13,車両総重量が、８５０キログラムの故障車をロープでけん引するときは、けん引免許は必要ない。,TRUE,車両総重量が７５０キログラム以下の車をけん引する場合と、故障車をロープやクレーンなどでけん引する場合は、けん引免許はいりません。,
184,13,大型特殊免許では、大型特殊自動車のほか中型自動車、原動機付自転車、小型特殊自動車を運転することができる。,FALSE,大型特殊免許では、中型自動車を運転することはできません。,
185,13,仮免許で運転の練習をするときは、車の前か後ろのどちらかに仮免許練習中の標識を表示しなければならない。,FALSE,仮免許練習中の標識を「どちらかに」ではなく、車の前と後ろの両方に表示しなければなりません。,
186,13,小型特殊自動車と原動機付自転車は、それぞれの免許を受けるほか二輪免許、普通免許、中型免許、大型免許および大型特殊免許を受ければ運転できる。,TRUE,小型特殊自動車と原動機付自転車は、単独で取得するほか、二輪免許、普通免許、中型免許、大型免許および大型特殊免許を受ければ運転することができます。,
187,13,普通免許を受けていれば、車両総重量５トン未満のトラックを運転することができる。,TRUE,車両総重量５トン未満、最大積載量３トン未満のトラックは普通自動車に該当しますので、普通免許で運転することができます。,
188,13,普通免許を受けようとする人が道路上で運転の練習をするときは、仮免許を受けなければならない。,TRUE,設問のとおりです。道路上で運転の練習をするときは、仮免許が必要です。,
189,13,最大積載量４.５トンの貨物自動車は、普通免許で運転することができる。,FALSE,普通免許で運転できるのは、最大積載量３トン未満の貨物自動車です。,
190,13,乗車定員１１人のマイクロバスは、普通免許で運転できる。,FALSE,乗車定員１１人以上２９人以下のマイクロバスは、中型自動車です。普通免許では運転できません。,
191,14,オートマチック車で駐車するときは、チェンジレバーをローの位置にしておかなければならない。,FALSE,オートマチック車で駐車するときは、Ｐ（パーキング）の位置に入れておきます。,
192,14,オートマチック車が交差点などで停止するときは、ブレーキペダルを踏み、念のためハンドブレーキもかけておくようにする。,TRUE,設問のとおりです。交差点などで停止するときは、ブレーキペダルを踏み、念のためハンドブレーキもかけておくようにしましょう。,
193,14,オートマチック車のエンジンを始動するときのチェンジレバーの位置は、ハンドブレーキをかけていれば「Ｎ」の位置でもよい。,FALSE,オートマチック車のエンジンを始動させるときのチェンジレバーは、「N」の位置ではなく、「Ｐ」の位置でかけるのが基本です。,
194,14,オートマチック車のエンジンの正しいかけ方は、ハンドブレーキが確実にかかっているか、チェンジレバーが「Ｐ」に入っているかを確認したうえでブレーキペダルを踏んだ状態でエンジンをかけるのがよい。,TRUE,設問のとおりです。オートマチック車のエンジンの正しいかけ方は、ハンドブレーキが確実にかかっているか、チェンジレバーが「Ｐ」に入っているかを確認したうえでブレーキペダルを踏んだ状態でエンジンをかけるようにしましょう。,
195,14,オートマチック車は、交差点などで停止時間が長くなるときは、チェンジレバーを「Ｎ」に入れて待つようにする。,TRUE,設問のとおりです。オートマチック車は、交差点などで停止時間が長くなるときは、チェンジレバーを「Ｎ」に入れて待つようにしましょう。,
196,14,クリープ現象とは、オートマチック車で発進しようとチェンジレバーを「Ｄ」の位置に入れ、アクセルペダルを軽く踏んだときに急に走りだす現象をいう。,FALSE,チェンジレバーが「Ｐ」か「Ｎ」以外でブレーキペダルをゆるめると、アクセルペダルを踏まなくても動き出すことをクリープ現象といいます。,
197,14,オートマチック車を運転し、信号待ちや踏切で停止する場合、ブレーキペダルをしっかり踏んでいないと車がゆっくり動き出すこと（クリープ現象）によって前車に追突するなど思わぬ事故を起こすことがある。,TRUE,設問のとおりです。アクセルペダルを踏まなくても、車が動き出す現象（クリープ現象）があるので、停止中でもしっかりブレーキペダルを踏んで注意しましょう。,
198,14,オートマチック車は、アクセルペダルを踏まなくても、車が動き出す現象があるので、停止中でもブレーキペダルを踏んでおくことが大切である。,TRUE,設問のとおりです。アクセルペダルを踏まなくても、車が動き出す現象（クリープ現象）があるので、停止中でもブレーキペダルを踏んで注意しましょう。,
199,14,オートマチック車は、停止しているときは、チェンジレバーが「Ｐ」か「Ｎ」以外の位置ではクリープ現象のためアクセルペダルを踏まなくても動き出すので、ブレーキペダルをしっかり踏んでおかなければならない。,TRUE,車が動き出さないように、ブレーキペダルをしっかり踏んでおきましょう。,
200,14,オートマチック車で上り坂に駐車させる場合は、チェンジレバーをＤ（ドライブ）レンジに入れておくのがよい。,FALSE,オートマチック車で駐車するときは、上り坂・下り坂・平地に関係なくＰ（パーキング）のレンジに入れておきます。,
201,15,車はどのような場合でも、道路の中央から右側部分に、はみ出して通行することはできない。,FALSE,一方通行の道路や、工事などのため道路の左側部分だけでは通行するのに十分な幅がないときなどは、右側部分にはみ出して通行することができます。,
202,15,路面電車に乗り降りする人がいるときは、安全地帯の有無に関係なく、乗降客や道路を横断する人がいなくなるまで停止していなければならない。,FALSE,安全地帯がないときは設問のとおりですが、安全地帯があるときは徐行して通行できます。,
203,15,自家用の大型バスを運転するときは、大型第二種免許が必要である。,FALSE,第二種免許は、バス、タクシーなどを旅客運送のため、運転する場合に必要な免許ですので、自家用であれば必要ありません。,
204,15,図の指示標示は、「自転車専用道路」であることを表している。,FALSE,「自転車横断帯」の標示で、自転車が道路を横断するための場所であることを示します。,Qimage15-4_15-49.png
205,15,正面から進行してくる交通に対して、図の警察官の手信号と信号機の信号は同じ意味である。,FALSE,信号機の信号は左折をすることができますが、警察官の手信号は赤色の信号と同じ意味ですので直進や右折はもちろん、左折もすることができません。,Qimage15-5_15-24.png
206,15,この道路標示は、前方の路上に障害物のあることを示している。,TRUE,設問のとおりです。「安全地帯または路上障害物に接近」を示す指示標示です。,Qimage15-6.png
207,15,こう配の急な下り坂は、追い越し禁止だが、追い抜きは禁止されていない。,TRUE,設問のとおりです。こう配の急な下り坂では、追い越しが禁止されていますが、追い抜きは禁止されていません。,
208,15,図の標示がある道路では、大型貨物自動車に限って、最も左側の車両通行帯を通行しなければならない。,FALSE,大型貨物自動車だけでなく、特定中型貨物自動車と大型特殊自動車も、この車両通行帯を通行しなければなりません。,Qimage15-8.png
209,15,図のような交差点の手前３０メートル以内のところで、見とおしがよくて安全を確かめれば、Ｂ車は追い越しをはじめてよい。,TRUE,交差点とその手前３０メートル以内は追い越し禁止場所ですが、図のＢ車の場合、優先道路を通行しているので、追い越しをすることができます。,Qimage11-4_15-9.png
210,15,左右の見通しのきかない交差点は危険な場所なので、どんな場合であっても徐行しなければならない。,FALSE,左右の見通しのきかない交差点は、徐行すべき場所ですが、信号機などで交通整理が行われている場合や、優先道路を通行している場合は、徐行する必要はありません。,
211,15,この標識のある道路では、特に認められた車は通行できるが、歩行者に注意して徐行しなければならない。,TRUE,この標識のある道路では、特に認められた車は通行できるが、歩行者に注意して徐行しなければならない。,Qimage15-11.png
212,15,車両総重量が、８５０キログラムの故障車をロープでけん引するときは、けん引免許は必要ない。,TRUE,車両総重量が７５０キログラム以下の車をけん引する場合と、故障車をロープやクレーンなどでけん引する場合は、けん引免許はいりません。,
213,15,図の青色の灯火の信号に対面する車は、直進し、右折し、左折することができる。,FALSE,設問は「車は」となっていますので、原動機付自転車と軽車両も含まれます。二段階右折をする原動機付自転車と軽車両は右折することができません。,Qimage15-13.png
214,15,交差点において、交差道路へ入ろうとする場合、交差道路が優先道路であるときは、必ず一時停止しなければならない。,FALSE,優先道路へ入るときは、徐行して交差する道路を通行する車の進行を妨げないようにします。必ずしも、一時停止する必要はありません。,
215,15,この標識のある道路は優先道路であるから、交差点とその手前３０メートル以内の場所で自動車や原動機付自転車を追い越すため進路を変えたり、その横を通りすぎてもよい。,TRUE,設問のとおりです。交差点とその手前３０メートル以内の場所は追い越し禁止ですが、優先道路を通行している場合は例外で追い越しができます。,Qimage6-10_15-15_15-19_16-18.png
216,15,図の標識は、センターラインのないところの道路の中心を表している。,FALSE,この標識は、道路の中央（中央線）を表し、中央線は道路の中心にあるとは限りません。,Qimage3-25_15-16.png
217,15,前の車との車間距離を保つときは、制動距離とほぼ同じぐらいの距離をとればよい。,FALSE,制動距離は誤りです。停止距離以上の距離をとらなければなりません。,
218,15,交差点で、警察官が「止まれ」の手信号をしていたので、警察官の１メートル手前で停止した。,FALSE,警察官の手信号で停止する場合、交差点で停止線のあるときは停止線の直前、ない場合は交差点の直前で停止します。警察官の１メートル手前ではありません。,
219,15,この標識は、通行している道路と交差する前方の道路が「優先道路」であることを表している。,FALSE,「優先道路」の標識で、標識がある側の道路が優先道路であることを表しています。,Qimage6-10_15-15_15-19_16-18.png
220,15,追い越し禁止場所では、原動機付自転車や自動車は軽車両以外の車を追い越してはならない。,TRUE,設問のとおりです。追い越し禁止場所であっても、軽車両は追い越すことができます。,
221,15,交差点以外の場所で横断歩道や自転車横断帯も踏切もないところに信号機があるときの停止位置は、信号機の直前で停止する。,TRUE,設問のとおりです。信号機の直前（信号が見える位置）で停止しなければなりません。,
222,15,車を運転中に歩行者のそばを通るときは、必ず徐行して歩行者を安全に通行させる。,FALSE,歩行者のそばを通るときは、歩行者との間に安全な間隔をあけて通行すれば、必ずしも徐行する必要はありません。,
223,15,優先道路を通行しているときでも左右の見通しのきかない交差点は徐行しなければならない。,FALSE,左右の見通しのきかない交差点は、徐行すべき場所ですが、信号機などで交通整理が行われている場合や、優先道路を通行している場合は、徐行する必要はありません。,
224,15,正面から進行してくる交通に対して、図の警察官の手信号と信号機の信号は同じ意味である。,FALSE,信号機の信号は左折をすることができますが、警察官の手信号は赤色の信号と同じ意味ですので直進や右折はもちろん、左折もすることができません。,Qimage15-5_15-24.png
225,15,園児などが乗り降りのため止まっている通園バスのそばを通るときは、徐行しなければならないが、右側に十分な間隔があるときは、徐行しなくてもよい。,FALSE,十分な間隔があったとしても、園児の飛び出しにそなえて必ず徐行して通行しなければなりません。,
226,15,普通二輪免許で、小型特殊自動車の運転ができる。,TRUE,設問のとおりです。普通二輪免許では普通自動二輪車と小型特殊自動車、原動機付自転車が運転できます。,
227,15,図のような路側帯は、軽車両の通行はできるが、車が中に入って駐停車することは禁止されている。,FALSE,歩行者専用路側帯であり、軽車両は通行できません。,Qimage15-27.png
228,15,中型貨物自動車で、車両総重量７５０キログラムを超える:故障車をロープでけん引するときは、中型免許のほかにけん引免許が必要である。,FALSE,故障車をロープでけん引するときは、けん引免許は必要ありません。,
229,15,「車両横断禁止」の標識のあるところでは、右側でも左側でも道路に面した場所に出入りするための横断が禁止されている。,FALSE,道路の左側に面した場所に出入りするための横断は禁止されていません。,
230,15,優先道路を通行しているときでも左右の見通しのきかない交差点は徐行しなければならない。,FALSE,左右の見通しのきかない交差点は、徐行すべき場所ですが、信号機などで交通整理が行われている場合や、優先道路を通行している場合は、徐行する必要はありません。,
231,15,横断歩道や自転車横断帯とその手前３０メートルの間は、追い越し禁止だが、追い抜きはしてもよい。,FALSE,横断歩道や自転車横断帯とその手前３０メートル以内は、追い越しと追い抜きが禁止されています。,
232,15,この標識のあるところで、停止線がないときは、標識の直前で一時停止し、交差する道路を通行する車の進行を妨げてはならない。,FALSE,標識の直前は誤りです。交差点の直前で一時停止します。,Qimage15-32_16-41.png
233,15,普通免許で運転できる普通自動車は、ミニカー、乗車定員１０人以下の乗用自動車と最大積載量５トン未満の貨物自動車である。,FALSE,普通免許で運転できるのは、最大積載量３トン未満の貨物自動車です。,
234,15,同一方向に複数の車線があり、車両通行帯が黄色の実線で区画されている場合には、前車を追い越すときのほかは、他の通行帯に進路を変えてはならない。,FALSE,車両通行帯が黄色の線で区画されている道路では、前車を追い越すときはもちろん、その他でも他の通行帯に進路を変えることはできません。,
235,15,横断歩道や自転車横断帯とその前後３０メートル以内の場所は、追い越しが禁止されている。,FALSE,「前後」ではなく、その手前から３０メートル以内が追い越し禁止場所です。,
236,15,図の標識は、すべての貨物自動車の通行止めを表している。,FALSE,この標識は「大型貨物自動車等通行止め」の標識で、大型貨物自動車と特定中型貨物自動車、大型特殊自動車は通行できません。普通貨物自動車などは通行できます。,Qimage3-28_15-36_15-38_15-50_16-21_17-32_19-9_35-90_36-57.png
237,15,前の車が右左折や進路を変えるため合図をしているときは、どんな場合であっても、その進路の変更を妨げてはならない。,FALSE,急ブレーキや急ハンドルでさけなければならない場合は、そのまま進行することができます。,
238,15,図の標識は、すべての貨物自動車の通行止めを表している。,FALSE,この標識は「大型貨物自動車等通行止め」の標識で、大型貨物自動車と特定中型貨物自動車、大型特殊自動車は通行できません。普通貨物自動車などは通行できます。,Qimage3-28_15-36_15-38_15-50_16-21_17-32_19-9_35-90_36-57.png
239,15,図のような場所では、たとえ前後が安全であっても、Ａ車はＢ車を追い越してはならない。,FALSE,交差点とその３０メートル手前は追い越し禁止場所ですが、設問の場合、優先道路を通行しているので追い越しは禁止されていません。,Qimage15-39.png
240,15,交差点で警察官が「止まれ」の手信号をしていたので、警察官の１メートル手前で停止した。,FALSE,設問の場合は、停止線があればその直前、停止線がないところでは、交差点の直前で停止しなければなりません。,
241,15,対向車が中央線を越えて追い越しをしてきたので、危険を避けるため、やむを得ず初心者マークをつけている車の前方へ割り込んだ。,TRUE,危険を避けるためやむを得ない場合は、前方へ割り込むことができます。,
242,15,路面電車が通行していないとき、車は軌道敷内を通行することができる。,FALSE,軌道敷内は、右左折、横断、転回や工事、危険防止のためやむを得ないとき、標識で認められているとき等以外は通行できません。,
243,15,図の道路標識は、「右折禁止」を表している。,FALSE,車に対する規制標識で「車両横断禁止」を表し、車は横断してはいけません。「右折禁止」と間違いやすいので気をつけましょう。,Qimage3-1_10-7_15-43_16-6_18-34.png
244,15,一般道路で普通自動車が同じような大きさの故障車をロープでけん引するときの法定最高速度は、３０キロメートル毎時である。,TRUE,設問のような故障車をけん引するときの法定最高速度は、３０キロメートル毎時です。,
245,15,ひとり歩きの子どもや車椅子や白や黄色のつえを持った人や通行に支障のある高齢者などが通行しているときは、減速し、安全な間隔をあけて通らなければならない。,FALSE,減速は誤りです。一時停止か徐行して安全に通れるようにします。,
246,15,追い越しを開始したら、対向車などの進行を妨げるおそれが出ても、中止することなく続けたほうがよい。,FALSE,対向車などの進行を妨げるおそれがある場合は、追い越しを中止しなければなりません。,
247,15,緊急自動車が近づいてきたとき、交差点に入っている車は、直ちに左側に寄り徐行する。,FALSE,設問のような場合、交差点を避けて左側に寄り、一時停止しなければなりません。,
248,15,図の標識がある道路では、自動車は進入してはならないが、自転車は進入してよい。,FALSE,「車両進入禁止」の標識で全車両の進入を禁止するものです。,Qimage3-10_3-12_3-14_15-48.png
249,15,図の標示は、「自転車専用通行帯」であることを示している。,FALSE,図の標示は、「自転車横断帯」であることを示しています。,Qimage15-4_15-49.png
250,15,車両総重量８トン未満、最大積載量５トン未満の中型貨物自動車は、この標識のある道路を通行できる。,TRUE,特定中型貨物自動車以外の中型貨物自動車は、通行することができます。,Qimage3-28_15-36_15-38_15-50_16-21_17-32_19-9_35-90_36-57.png
251,16,優先道路に入ろうとするときは、交差点の直前で必ず一時停止して、優先道路を通行している車の進行を妨げてはならない。,FALSE,優先道路に入ろうとするときは、一時停止ではなく徐行して、優先道路を通行している車の進行を妨げないようにします。,
252,16,追い越しを開始したら、対向車などの進行を妨げるおそれが出ても、中止することなく続けたほうがよい。,FALSE,対向車などの進行を妨げるおそれがある場合は、追い越しを中止しなければなりません。,
253,16,図の標識は自動車と原動機付自転車が通行できないことを表している。,TRUE,設問のとおりです。自動車（自動二輪車を含む）と原動機付自転車の通行が禁止されています。,Qimage16-3_18-6.png
254,16,図の標識は、「矢印の方向への一方通行」を意味する。,FALSE,この標識は、「指定方向外進行禁止」を示す標識です。,Qimage3-3_3-19_16-4.png
255,16,安全地帯のそばを通るときは、歩行者がいなくても徐行しなければならない。,FALSE,安全地帯に歩行者がいないときは、徐行する必要はありません。,
256,16,「車両横断禁止」の標識のあるところでは、右側でも左側でも道路に面した場所に出入りするための横断が禁止されている。,FALSE,道路の左側に面した場所に出入りするための横断は禁止されていません。,Qimage3-1_10-7_15-43_16-6_18-34.png
257,16,前の車との車間距離を保つときは、制動距離とほぼ同じぐらいの距離をとればよい。,FALSE,制動距離は誤りです。停止距離以上の距離をとらなければなりません。,
258,16,図の標識がある交差点では、大型貨物自動車、特定中型貨物自動車、大型特殊自動車以外の車は、標識に関係なく直進や右左折をすることができる。,TRUE,設問のとおりです。補助標識の「大貨等」とは、大型貨物自動車と特定中型貨物自動車、大型特殊自動車のことを示します。それ以外の車は、標識に関係なく直進や右左折をすることができます。,Qimage3-4_16-8.png
259,16,普通免許を受けていれば、車両総重量５トン未満のトラックを運転することができる。,TRUE,車両総重量５トン未満、最大積載量３トン未満のトラックは普通自動車に該当しますので、普通免許で運転することができます。,
260,16,図のような交通整理の行われていない道幅が違う交差点では、普通自動車は路面電車に進路を譲らなければならない。,FALSE,設問の場合は、道幅の広い道路を通行する普通自動車が優先です。路面電車は、普通自動車に進路を譲らなければなりません。,Qimage6-4_16-10.png
261,16,図の標示は、「普通自転車の交差点進入禁止」を表している。,TRUE,設問のとおりです。「普通自転車の交差点進入禁止」を示す標示で、普通自転車が交差点に進入してはならないことを表します。,Qimage3-20_16-11.png
262,16,自動車を追い越しするとき、その自動車が右折のため道路の中央に寄って通行しているときは、左側を通過してもよい。,TRUE,原則は右側追い越しですが、車両が右折するため道路の中央に寄って通行しているときは左側を通行します。,
263,16,道路外に出るため、左折しようとするときは、その直前に道路の左端に寄るようにしなければならない。,FALSE,直前に寄るのは誤りです。あらかじめできるだけ道路の左端に寄ります。,
264,16,安全地帯のそばを通るときは、歩行者がいなくても徐行しなければならない。,FALSE,安全地帯に歩行者がいないときは、徐行する必要はありません。,
265,16,普通免許や二輪免許を受けて１年未満の者は、初心者マークをつけなければならない。,FALSE,初心者マークをつけるのは、普通免許を受けた者が普通自動車を運転するときだけです。二輪免許の場合は必要ありません。,
266,16,図の標識のあるところでは、自動車や原動機付自転車を追い越すため、進路を変えたりその横を通り過ぎたりしてはならない。,FALSE,図の標識は「追越しのための右側部分はみ出し通行禁止」を表し、追い越しのために道路の右側部分へのはみ出しを禁止するものです。,Qimage16-16_17-30_19-4_35-32_36-36.png
267,16,この標識は、「自転車道」か「自転車専用道路」であることを表している。,FALSE,図の標識は、「自転車横断帯」であることを示す標識です。,Qimage16-17_16-48_19-17.png
268,16,この標示がある道路は、交差する前方の道路に対して自分の通行している道路のほうが優先道路であることを示している。,FALSE,この標示がある道路は、交差する前方の道路が優先道路であることを示しています。,Qimage6-10_15-15_15-19_16-18.png
269,16,優先道路に入ろうとするときは、交差点の直前で必ず一時停止して、優先道路を通行している車の進行を妨げてはならない。,FALSE,優先道路に入ろうとするときは、一時停止ではなく徐行して、優先道路を通行している車の進行を妨げないようにします。,
270,16,乗り降りのため停車している路線バスに追いついたが、安全だったので一時停止せず、注意して側方を通過した。,TRUE,必ずしも一時停止する必要はありません。安全を確かめて側方を通過することができます。,
271,16,すべての中型貨物自動車は、この標識のある道路を、通行してはいけない。,FALSE,車両総重量８トン未満、最大積載量５トン未満の中型貨物自動車は、通行することができます。,Qimage3-28_15-36_15-38_15-50_16-21_17-32_19-9_35-90_36-57.png
272,16,交差点付近以外の場所で緊急自動車が接近してきたときは、必ず道路の左側に寄って進路を譲らなければならない。,FALSE,交差点付近以外の場所では、必ず左側に寄り緊急自動車に進路を譲るわけではなく、かえって妨げになるようなときは、右側に寄って進路を譲ります。,
273,16,学校、幼稚園、保育所などの付近は、徐行すべき場所として定められている。,FALSE,学校、幼稚園、保育所などの付近は、子どもの飛び出しに十分注意して走行しますが、徐行場所としては指定されていません。,
274,16,通学、通園バスは児童や幼児の乗降のために停止する際に、非常点滅表示灯をつけなければならない。,TRUE,通学、通園バスは、児童、幼児の乗降のため停止する際に、非常点滅表示灯をつけることが義務づけられています。,
275,16,自動車を追い越しするとき、その自動車が右折のため道路の中央に寄って通行しているときは、左側を通過してもよい。,TRUE,原則は右側追い越しですが、車両が右折するため道路の中央に寄って通行しているときは左側を通行します。,
276,16,優先道路を通行している場合であっても、交差点とその手前３０メートル以内の場所は追い越しが禁止されている。,FALSE,交差点とその手前３０メートル以内は追い越し禁止場所ですが、優先道路を通行している場合は、追い越しをすることができます。,
277,16,この標識は、「歩行者の横断禁止」を表している。,FALSE,図の標識は、「歩行者通行止め」で、歩行者の横断を禁止しているのではなく、歩行者の通行を禁止しています。,Qimage16-27.png
278,16,信号機のある交差点で停止線のない場合の停止位置は信号機の直前である。,FALSE,信号機の直前ではなく、交差点の直前です。またすぐ近くに横断歩道や自転車横断帯がある場合はその直前です。,
279,16,他の車に追い越されるときは、加速さえしなければ追い越しに十分な余地がなくても特に進路を譲る必要はない。,FALSE,車は、他の車に追い越されるときに十分な余地がない場合は、できるだけ左に寄り、進路を譲らなければなりません。,
280,16,図のマークは、６０歳以上の運転者が普通自動車を運転するときに表示するマークである。,FALSE,このマークは、「高齢運転者標識（高齢者マーク）」です。６０歳以上ではなく、７０歳以上の運転者が普通自動車を運転するときに表示するマークです。,Qimage16-30.png
281,16,自転車横断帯に近づいたとき、自転車が横断しようとしていたので、いつでもその手前で停止できるような速度に落として通行した。,FALSE,自転車横断帯の手前で一時停止して、自転車に道を譲らなければなりません。,
282,16,図の標識は、「車両進入禁止」を表している。,FALSE,「車両通行止め」を意味します。「車両進入禁止」は一方通行の出口などに設けてあります。,Qimage4-7_16-32_18-29_19-40_35-29_36-76.png
283,16,最大積載量６.５トンの貨物自動車は、中型免許で運転することができる。,FALSE,中型免許では最大積載量３トン以上６.５トン未満の車を運転できます。６.５トンは含まれないので、大型免許が必要です。,
284,16,交差点付近以外の場所で緊急自動車が接近してきたときは、必ず道路の左側に寄って進路を譲らなければならない。,FALSE,交差点付近以外の場所では、必ず左側に寄り緊急自動車に進路を譲るわけではなく、かえって妨げになるようなときは、右側に寄って進路を譲ります。,
285,16,図の標識は、「進行方向別通行区分」を表している。,FALSE,この標識は「一方通行」を表しています。,Qimage16-35.png
286,16,このように腕を車の外に出して、斜め下に伸ばしているときは、後退するときの合図である。,FALSE,図の手による合図は、徐行か停止をするときの合図です。,Qimage16-36.png
287,16,普通免許を受けていれば、最大積載量３トンのトラックを運転することができる。,FALSE,普通免許では、最大積載量３トン未満の車を運転できます。３トン以上（３トンを含む）は、中型免許または大型免許が必要です。,
288,16,通行している道路が優先道路であれば、横断歩道の手前３０ｍ以内で追い抜いてもよい。,FALSE,優先道路であっても横断歩道の手前３０ｍ以内では追い抜いてはいけません。,
289,16,車はどのような場合でも、道路の中央から右側部分に、はみ出して通行することはできない。,FALSE,一方通行の道路や、工事などのため道路の左側部分だけでは通行するのに十分な幅がないときなどは、右側部分にはみ出して通行することができます。,
290,16,道路の中央線が黄色の実線のところでも、左側部分ならば追い越しをしてもよい。,TRUE,設問のとおり、黄色の実線のところでも右側部分にはみ出さなければ、追い越しできます。,
291,16,図の標識がある交差点で停止線がない場合は、標識の直前で停止して安全を確かめる。,FALSE,設問の場合は、「標識の直前」ではなく「交差点の直前」で停止して安全を確かめます。,Qimage15-32_16-41.png
292,16,安全地帯のある停留所で止まっている路面電車の側方を通過するときは、乗降客の有無に関係なく徐行して進むことができる。,TRUE,安全地帯のある停留所に路面電車が停止しているときは、乗降客の有無に関係なく徐行しなければなりません。,
293,16,安全地帯のある停留所に路面電車が停止していたが、乗降客がいなかったのでそのまま通過した。,FALSE,安全地帯のある停留所に路面電車が停止しているときは、乗降客の有無に関係なく徐行しなければなりません。,
294,16,図のような信号機のない道幅の同じような交差点に、Ａの車とＢの車が進行してきたときは、Ｂの車はＡの車の進行を妨げてはならない。,FALSE,左方車優先ですから、この場合はＡ車がＢ車を妨げてはいけません。,Qimage16-44.png
295,16,道路外に出るため左折するときは、その直前で道路の左側によって徐行しなければならない。,FALSE,その直前は誤りです。あらかじめ道路の左側に寄ります。,
296,16,オートマチック二輪車（無段変速装置装着車に限る）は、クラッチ操作がいらないので、エンジンの回転数が低いときでも車輪にエンジンの力が伝わりやすい。,FALSE,オートマチック二輪車に無段変速装置が採用されている場合、エンジンの回転数が低いときには、車輪にエンジンの力が伝わりにくい特性があります。,
297,16,車両総重量が、８５０キログラムの故障車をロープでけん引するときは、けん引免許は必要ない。,TRUE,車両総重量が７５０キログラム以下の車をけん引する場合と、故障車をロープやクレーンなどでけん引する場合は、けん引免許はいりません。,
298,16,この標識は、「自転車道」か「自転車専用道路」であることを表している。,FALSE,図の標識は、「自転車横断帯」であることを示す標識です。,Qimage16-17_16-48_19-17.png
299,16,こう配の急な下り坂は、追い越し禁止だが、追い抜きは禁止されていない。,TRUE,設問のとおりです。こう配の急な下り坂では、追い越しが禁止されていますが、追い抜きは禁止されていません。,
300,16,道路の中央に黄色の線が引かれているところでは、追い越しをしてはならない。,FALSE,「追越しのための右側部分はみ出し通行禁止」の標示です。はみ出さなければ追い越しすることができます。,
301,17,後方から見て図の合図は、左折か左へ進路を変える合図である。,TRUE,,Qimage17-1.png
302,17,図の標識のある場所でも、対向車がないときは、警音器を鳴らさなくてもよい。 ,FALSE,,Qimage17-2.png
303,17,後退するときは、同乗者などに後方確認を手伝ってもらうよりも、自分の判断だけで後退するのがよい。,FALSE,,
304,17,横の路地から車が突然路上に入ってきたので、危険防止のためやむを得ず警音器を鳴らした。 ,TRUE,,
305,17,同一方向に三つの車両通行帯がある場合、最も右側は追い越しなどのためにあけておき、それ以外の通行帯は、車の速度に応じ、遅い車は左側を、速い車は順次右寄りを通行する。,TRUE,,
306,17,この標識は、「横断歩道と自転車横断帯」であることを表している。,TRUE,,Qimage17-6.png
307,17,交差点を通行中、緊急自動車が接近してきたので、直ちに交差点を出て左側端に寄り、一時停止して進路を譲った。,TRUE,,
308,17,車とは、自動車と原動機付自転車のことをいい、軽車両は車に含まれない。,FALSE,,
309,17,車を追い越すときは、前車が右折しようとして合図を出しているときでも、その右側を通行しなければならない。,FALSE,,
310,17,遮断機が上がっている踏切にさしかかったときは、他の車が安全に通過しているときに限り、一時停止することなく通行してよい。,FALSE,,
311,17,中型免許を受けた者は、中型自動車のほか普通自動車、普通自動二輪車、小型特殊自動車、原動機付自転車を運転することができる。,FALSE,,
312,17,図の標識、標示による規制の効果は同じである。,FALSE,,Qimage17-12.png
313,17,前車に追従して走行するときは、前車が急停車しても追突しないだけの車間距離をとるとともに、その前方の状況にも注意する。,TRUE,,
314,17,自動車は交差点で右折するときは、あらかじめできるだけ道路の中央に寄り、交差点の中心のすぐ内側を徐行して通行する。,TRUE,,
315,17,路面が雨に濡れていたり、タイヤがすり減っていると制動距離は長くなる。,TRUE,,
316,17,「高齢運転者標識」を付けている車に対しては、幅寄せや割り込みは禁止されているが、追い抜きや追い越しは禁止されていない。,TRUE,,
317,17,左折するとき歩行者や自転車などを巻き込まないため、交差点の側端から離れて左折した。,FALSE,,
318,17,図の標識のある通行帯は、指定された車と小型特殊自動車、原動機付自転車、軽車両以外の車は原則として通行してはいけない。,TRUE,,Qimage17-18.png
319,17,走行中進路を変えるときは、前後の安全を確かめなければならないが、バックミラーでは見えない部分があるので、直接目で確かめることが大切である。,TRUE,,
320,17,優先道路に入ろうとするときは、交差点の直前で必ず一時停止して、優先道路を通行している車の進行を妨げてはならない。,FALSE,,
321,17,停留所に路線バスが止まっているときは、路線バスが発進するまでその横を通過してはならない。,FALSE,,
322,17,図のような標示があるときは、その前方に交差点があることを示している。,FALSE,,Qimage3-13_3-17_17-22.png
323,17,黄色の点滅信号では、車は徐行して進行しなければならない。,FALSE,,
324,17,進路変更するときは、合図をしてから安全を確かめるのがよい。,FALSE,,
325,17,速度を６０キロメートル毎時から２０キロメートル毎時に落とせば、徐行したことになる。,FALSE,,
326,17,免許を受けている者が免許証を携帯しないで自動車を運転すると、無免許運転になる。,FALSE,,
327,17,車両総重量が、８５０キログラムの故障車をロープでけん引するときは、けん引免許は必要ない。,TRUE,,
328,17,バスの停留所の手前３０メートル以内は、追い越し禁止場所である。,FALSE,,
329,17,大型免許では、大型自動車、中型自動車、普通自動車のほか大型特殊自動車を運転することができる。,FALSE,,
330,17,図の標識のあるところでは、道路の中央から右側部分にはみ出して追い越しをしてはならない。,TRUE,,Qimage16-16_17-30_19-4_35-32_36-36.png
331,17,転回の合図の時期や方法は、右折の場合と同じである。,TRUE,,
332,17,図の標識のある道路では、大型貨物自動車や特定中型貨物自動車、大型特殊自動車は通行してはならない。,TRUE,,Qimage3-28_15-36_15-38_15-50_16-21_17-32_19-9_35-90_36-57.png
333,17,一般道路で標識や標示で最高速度が指定されていないとき、エンジンの総排気量 が６６０ｃｃの普通自動車の最高速度は、６０キロメートル毎時である。,TRUE,,
334,17,左側部分の道幅が６メートル以上の道路で追い越しするときは、道路の中央から右側部分にはみ出して通行することができる。,FALSE,,
335,17,交差点の中で、対面する信号が黄色になったときは、その場に停止しなければならない。,FALSE,,
336,17,追い越しとは、車が進路を変えて進行中の前車の前方に出ることをいう。,TRUE,,
337,17,進路の前方に障害物があるときは、一時停止か減速をして、反対方向の車に進路を譲る。,TRUE,,
338,17,車は、図の「立入禁止部分」の標示の中には、どんな理由があっても乗り入れてはいけない。,TRUE,,Qimage3-8_17-38.png
339,17,交差点で警察官が両腕を水平に上げているとき、警察官に平行する方向の交通は、信号機の赤色の灯火と同じ意味である。,FALSE,,
340,17,ブレーキをかけるときは、最初はできるだけ強く踏むようにする。,FALSE,,
341,17,交差点での車両の停止位置は、停止線があればその直前、横断歩道や自転車横断帯のあるところではその直前、横断歩道等がないところでは交差点の直前である。,TRUE,,
342,17,図の標識は、横風でハンドルをとられやすいところであることを表している。,FALSE,,Qimage3-2_17-42_19-28.png
343,17,横断歩道のない交差点やその付近を歩行者が横断しているときは、その通行を妨げてはならない。,TRUE,,
344,17,交差点で対面する信号が赤色の灯火のとき、交差する方向の信号は必ず青色の灯火である。,FALSE,,
345,17,四輪車に乗るときは、車の前後に人がいないか、車の下に子どもがいないかなど、周囲の安全を確かめてから乗車するようにする。,TRUE,,
346,17,横断歩道や自転車横断帯とその手前から３０メートル以内の場所では、自動車も原動機付自転車も追い越してはいけない。,TRUE,,
347,17,車を運転中に携帯電話を使用したり、カーナビゲーションの画像を注視するなどして、わき見運転することは絶対にしてはいけない。,TRUE,,
348,17,自転車横断帯の直前で停止している車があっても、進路の前方を横断している自転車が見えないときは、そのまま通過してよい。,FALSE,,
349,17,図の標識は、この先に押しボタン式の信号機があることを表している。,FALSE,,Qimage17-49.png
350,17,前方の交通が混雑しているため交差点内で止まるおそれがあったので、交差点の手前で停止した。,TRUE,,
351,18,交差点以外で、横断歩道や自転車横断帯などがないところで、警察官などが手信号で止まれの合図をしているときの停止位置は、警察官などの手前１メートルである。,TRUE,,
352,18,車両通行帯のある道路を通行中、並進していた左側の車両がいきなり進路を変更してきたので、接触をさけるため警音器を鳴らした。,TRUE,,
353,18,踏切を通過するときは、停止線がなくても、その直前で一時停止して安全を確認する。,TRUE,,
354,18,歩行者や自転車のそばを通るときは、歩行者や自転車との間に安全な間隔をとるか徐行しなければならない。,TRUE,,
355,18,横断歩道の直前で停止している車両があるときは、その側方を通って前方に出る前に必ず一時停止しなければならない。,TRUE,,
356,18,図の標識は、自動車と原動機付自転車が通行できないことを表している。,TRUE,,Qimage16-3_18-6.png
357,18,交通の円滑をはかるため、道路や交通の状況に関係なく、定められた制限速度いっぱいで走るのがよい。,FALSE,,
358,18,交差点に入ろうとするときや、交差点内を通行するときは、右折車や歩行者などを確かめながら、交差点の状況に応じた安全な速度と方法で進行しなければならない。,TRUE,,
359,18,対面する信号が青になったら、交差点の前方の状況にかかわらず発進しなければならない。,FALSE,,
360,18,追い越しをする場合は、方向指示器で合図をし、３秒してから加速しながら、ゆるやかに進路を変えるのがよい。,TRUE,,
361,18,バス専用通行帯は普通車、大型車などは通行してはならないが、右左折する場合は通行してもよい。,TRUE,,
362,18,大型特殊免許では、大型特殊自動車のほか大型自動車、原動機付自転車、小型特殊自動車を運転することができる。,FALSE,,
363,18,図のような警察官の手信号に対面する交通は、いずれも同じ意味である。,TRUE,,Qimage2-1_18-13.png
364,18,交差点で左折するときは、巻き込み事故を防ぐため、なるべく道路の左端から離れて通行する。,FALSE,,
365,18,同一方向に三つ以上の車両通行帯のある道路で通行区分を指定する標識などがなければ、その速度に応じ最も右側の車両通行帯以外の通行帯を通行する。,TRUE,,
366,18,普通免許を受けていれば、車両総重量５トン未満のトラックを運転することができる。,TRUE,,
367,18,自動車を追い越しするとき、その自動車が右折のため道路の中央に寄って通行しているときは、左側を通過してもよい。,TRUE,,
368,18,センターラインを越えて追い越しをしようとするとき、前の車や対向車の進行を妨げるおそれがあるときは、追い越しをしてはいけない。,TRUE,,
369,18,他の車に追い越されるときは、加速さえしなければ追い越しに十分な余地がなくても特に進路を譲る必要はない。,FALSE,,
370,18,横断歩道のない交差点、またはその付近を歩行者が横断している場合は、減速、徐行、一時停止などをして、その通行を妨げてはならない。,TRUE,,
371,18,図の警戒標識は、この先の道路の幅が狭くなっていることを表している。,TRUE,,Qimage3-30_18-21.png
372,18,信号が赤の点滅を示しているとき、車は一時停止して安全を確認したあとに進むことができる。,TRUE,,
373,18,自動二輪車の一般道路での法定速度は、エンジンの総排気量に関係なく６０キロメートル毎時である。,TRUE,,
374,18,この二つの標識は、いずれも横断歩道を表している。,TRUE,,Qimage18-24.png
375,18,この標識があるところでは、普通自動車だけが軌道敷内を通行することができる。,FALSE,,Qimage18-25_19-6_35-50_36-37.png
376,18,交差点で右折するときは、対向車による死角の中に二輪車などが潜んでいることを想定して右折しなければならない。,TRUE,,
377,18,方向指示器が不良であっても、手による合図ができるのでそのまま運転してもよい。,FALSE,,
378,18,この標示は、交差する前方の道路が優先道路であることを示している。,TRUE,,Qimage18-28.png
379,18,図の標識のある場所は、車両のみ通行が禁止されており、歩行者は通行することができる。,TRUE,,Qimage4-7_16-32_18-29_19-40_35-29_36-76.png
380,18,図の標識は、普通乗用自動車以外の車は通行してはならないことを表している。,FALSE,,Qimage18-30_35-9_36-45.png
381,18,交差点付近以外の場所で緊急自動車が接近してきたときは、必ず道路の左側に寄って進路を譲らなければならない。,FALSE,,
382,18,左側部分の道幅が６メートル以上の道路で追い越しするときは、道路の中央から右側部分にはみ出して通行することができる。,FALSE,,
383,18,自転車は歩行者より速度が速いから、自転車横断帯を横断している自転車があっても、その通行を妨げなければ一時停止をしなくてもよい。,FALSE,,
384,18,図の標識のある道路では、道路の右側にある車庫などに入るための右折をしてはならないが、左側にある車庫などに入るための左折ならばしてもよい。,TRUE,,Qimage3-1_10-7_15-43_16-6_18-34.png
385,18,交通整理を行っている警察官が両腕を横に水平にあげているとき、その背中に対面した車は、直進はできないが右折や左折はしてよい。,FALSE,,
386,18,普通自動車で７５０キログラム以下の車をけん引するときは、けん引免許はいらない。,TRUE,,
387,18,自動車は歩道や路側帯を通行してはならないが、道路に面した場所に出入りするときは、横切ることができる。,TRUE,,
388,18,見通しの悪い交差点は、危険を防止するためできるだけ警音器を鳴らして通行したほうがよい。,FALSE,,
389,18,交差点内を通行していて、前方の信号が黄色の灯火に変わったときは、車はその場で停止しなければならない。,FALSE,,
390,18,内輪差とは、車が曲がるとき前輪が後輪より内側を通ることをいう。,FALSE,,
391,18,バックで発進することは危険なので、車庫などに車を入れるときは、あらかじめ発進しやすいようにバックで入れておくのがよい。,TRUE,,
392,18,進路の前方に障害物があるとき、その付近で対向車と行き違うときは、その地点を先に通過できる車が優先する。,FALSE,,
393,18,車両通行帯のある道路で追い越しをするときは、前車のすぐ右側の通行帯を通行しなければならない。,TRUE,,
394,18,身体障がい者標識や聴覚障がい者標識をつけている車に対して、幅寄せをしたり、前方に割り込んだりする行為は、やむを得ない場合のほかは禁止されている。,TRUE,,
395,18,仮運転免許で路上練習をする場合は、免許歴に関係なくその自動車を運転することができる免許を持っている人の同乗指導を受けなければならない。,FALSE,,
396,18,図の標識のあるところでも、道路の中央から右側部分にはみ出さなければ追い越しをしてもよい。,FALSE,,Qimage11-10_18-46.png
397,18,オートマチック車で交差点などで停止しているときは、ブレーキペダルを踏み、念のためハンドブレーキもかけておくようにする。,TRUE,,
398,18,優先道路を通行しているときでも左右の見通しのきかない交差点は徐行しなければならない。,FALSE,,
399,18,子どもがひとり歩きしているときは、一時停止か徐行して安全に通行できるようにする。,TRUE,,
400,18,転回や後退は危険な行為であるから、合図をし、完全に他の車を止めてから行う。,FALSE,,
401,19,横断歩道や自転車横断帯とその手前３０メートルの間は、追い越し禁止だが、追い抜きはしてもよい。,FALSE,,
402,19,歩行者または自転車が、横断歩道や自転車横断帯を横断しようとしていないことが明らかな場合は、減速したり、一時停止しなくてもよい。,TRUE,,
403,19,図の標識のある道路では、普通乗用自動車だけの通行を禁止している。,FALSE,,Qimage3-7_3-11_3-27_19-3.png
404,19,図の標識は、追い越し禁止のみを表している。,FALSE,,Qimage16-16_17-30_19-4_35-32_36-36.png
405,19,図の道路では、最小限右側にはみ出して前車を追い越すことができる。,FALSE,,Qimage19-5_35-87_36-13.png
406,19,図の標識があるところでは、軌道敷内を普通自動車は通行できるが、大型自動二輪車や普通自動二輪車は通行できない。,FALSE,,Qimage18-25_19-6_35-50_36-37.png
407,19,前の車との車間距離を保つときは、制動距離とほぼ同じぐらいの距離をとればよい。,FALSE,,
408,19,こう配の急な上り坂と、こう配の急な下り坂は徐行場所である。,FALSE,,
409,19,図の標識は、すべての貨物自動車の通行止めを表している。,FALSE,,Qimage3-28_15-36_15-38_15-50_16-21_17-32_19-9_35-90_36-57.png
410,19,路線バスなどの専用通行帯は、原動機付自転車であればいつでも通行することができる。,TRUE,,
411,19,合図は他の交通に自分の行動を知らせるものであり、他の交通はこれを信頼して行動するので、適切な時期にまちがいのないようにしなければならない。,TRUE,,
412,19,オートマチック車でエンジンを始動するときは、エンジンを始動する前にブレーキペダルを踏んでその位置を確認し、アクセルペダルの位置を目で見て確認することが大切である。,TRUE,,
413,19,追い越しを開始したら、対向車などの進行を妨げるおそれが出ても、中止することなく続けたほうがよい。,FALSE,,
414,19,病気のときや心配ごとがあるときは、運転をひかえるか、体の調子を整えてから運転する。,TRUE,,
415,19,こう配の急な下り坂は、追い越し禁止だが、追い抜きは禁止されていない。,TRUE,,
416,19,前方が混雑のため踏切内で停止することになるおそれがあったが、警報機が鳴っていないので左右の安全を確認してそのまま進入した。,FALSE,,
417,19,この標識は、「自転車道」か「自転車専用道路」であることを表している。,FALSE,,Qimage16-17_16-48_19-17.png
418,19,信号機の信号が青色のときには、路線バスは他の車に優先して右折することができる。,FALSE,,
419,19,図の標識は、積んだ荷物も含めた幅が２.２メートルを超える車は通行が禁止されていることを表している。,TRUE,,Qimage19-19.png
420,19,緊急自動車が近づいてきたとき、交差点に入っている車は、直ちに左側に寄り徐行する。,FALSE,,
421,19,運転中は、みだりに進路を変えてはならない。,TRUE,,
422,19,前車が自動車を追い越しをしているとき、さらにその後ろから追い越しをしようとする行為は、二重追い越しとなり禁止されている。,TRUE,,
423,19,図のような信号では、自動車と原動機付自転車（二段階右折する原動機付自転車を除く）は、右折することができる。,TRUE,,Qimage2-4_2-26_19-23_35-78_36-48.png
424,19,この標識のあるところでは、左折しなければならない。,TRUE,,Qimage19-24_35-74_36-52.png
425,19,「車両横断禁止」の標識のあるところでは、右側でも左側でも道路に面した場所に出入りするための横断が禁止されている。,FALSE,,
426,19,同一方向に進行しながら進路を変えようとするときは、進路を変えようとする３０メートル手前で合図をしなければならない。,FALSE,,
427,19,交差点の中で後方から緊急自動車が接近してきたことを知ったときは、直ちにその場に停止しなければならない。,FALSE,,
428,19,図の標識のあるところでは、すべりやすいので、あらかじめ減速し、ブレーキを用いないですむように運転するのがよい。,TRUE,,Qimage3-2_17-42_19-28.png
429,19,交通整理の行われていない図のような交差点では、Ｂ車より左方のＡ車のほうが先に通行してもよい。,FALSE,,Qimage19-29.png
430,19,道路の右側部分に入って追い越しをしようとするときは、特に前方からの交通に十分注意をはらい、少しでも不安があるときは、追い越しを始めるべきではない。,TRUE,,
431,19,歩行者用道路は、沿道に車庫を持つなどでとくに通行を認められた車だけが通行できる。,TRUE,,
432,19,最大積載量４.５トンの貨物自動車は、普通免許で運転することができる。,FALSE,,
433,19,図のように灯火を横に振っているときの矢印の方向から進行する交通については、黄色の信号と同じ意味を表している。,FALSE,,Qimage19-33.png
434,19,右折車や左折車は、Ｂの車両通行帯を通行してはならない。,TRUE,,Qimage19-34.png
435,19,標識や標示によって、路線バスなどの専用通行帯が指定されている道路では、小型特殊自動車、原動機付自転車や軽車両はその通行帯を通行することができる。,TRUE,,
436,19,図の標識のある道路では、自動車も原動機付自転車も３０キロメートル毎時を超える速度で走行してはならない。,TRUE,,Qimage19-36.png
437,19,道路の片側に障害物がある場合、その場所で対向車と行き違うときは、障害物のある側の車があらかじめ一時停止したり、減速して進路を譲る。,TRUE,,
438,19,合図を出して道路の中央、左側端に進路を変える場合は、安全確認の必要はない。,FALSE,,
439,19,見通しの悪い交差点は、危険を防止するためできるだけ警音器を鳴らして通行したほうがよい。,FALSE,,
440,19,図の道路標識は、「駐車禁止」を表したものである。,FALSE,,Qimage4-7_16-32_18-29_19-40_35-29_36-76.png
441,19,オートマチック車を駐車する場合には、道路の状況に関係なく、チェンジレバーは「Ｐ」の位置にしておく。,TRUE,,
442,19,中央線が引かれている道路では、その左側部分の中央寄りを通るようにする。,FALSE,,
443,19,「初心者マーク」をつけている車を追い越したり追い抜いたりすることは禁止されている。,FALSE,,
444,19,仮免許で運転の練習をするときは、車の前か後ろのどちらかに仮免許練習中の標識を表示しなければならない。,FALSE,,
445,19,安全地帯のそばを通るときは、歩行者がいなくても徐行しなければならない。,FALSE,,
446,19,路線バスが停留所で発進の合図をしているのを認めたが、先を急ぐため警音器を鳴らしてその側方を通過した。,FALSE,,
447,19,後退をするときの合図の時期は、その行為をしようとするときである。,TRUE,,
448,19,自動車を停止させるときは、むやみに急ブレーキを使わず、なるべくアクセル操作で徐々に速度を落としてから止まるような運転方法がよい。,TRUE,,
449,19,大型免許を受けている者は、大型自動車のほかに、中型自動車、普通自動車、大型特殊自動車、小型特殊自動車、原動機付自転車を運転することができる。,FALSE,,
450,19,車両通行帯のある道路は、やむを得ない場合のほかは、二つの車両通行帯にまたがって通行してはならない。,TRUE,,
451,20,二輪車を運転中、四輪車から見える位置にいれば、四輪車から見落とされることはない。,FALSE,四輪車の運転者は、二輪の存在に気づかず見落としてしまうことがあります。,
452,20,自動車を運転中に、ルームミラーやサイドミラーを見ることはそれだけ前方に対する注意力がおろそかになるので、できるだけ見ないほうがよい。,FALSE,目視とバックミラーを適切に使い常に周囲の交通状況に目を配ることが運転の基本です。,
453,20,四輪車を運転するときは、バックミラーの死角に二輪車が入って気づきにくい場合があるので進路変更などをするときは、直接自分の目で確かめるなど十分安全を確認する。,TRUE,設問のとおりです。バックミラーの死角に入ると気づきにくいので、直接自分の目で確かめるなどして十分に安全を確かめます。,
454,20,四輪車から、二輪車を見たときは、速度が実際より遅く感じたり、距離が実際より遠くに見えたりする。,FALSE,設問のとおりです。二輪車は速度が実際より遅く感じたり、距離が実際より遠くに見えたりします。,
455,20,右折待ちをしていて対向車がパッシングをしたときは、「お先にどうぞ」という意味なので、すみやかに発進しなければならない。,FALSE,パッシングには「自分が先に行くから進行するな」という意味もあるので、すみやかに発進しては危険です。,
456,20,交差点を直進しようとする二輪車は、対向する右折四輪車が距離や速度を間違って判断しているかもしれないので、四輪車の動向に注意しなければならない。,TRUE,二輪車を運転するときは、四輪車の動向に十分注意して進行しましょう。,
457,20,運転が上手であれば、危険の予測をしなくても安全に通行することができる。,FALSE,常に「危険かもしれない」と危険を予測し、危険に備えた運転を行いましょう。,
458,20,二輪車は、四輪車の運転者から、距離は実際より近く、速度は実際より速く判断されやすい。,FALSE,二輪車は車体が小さいため、距離は遠く、速度は遅く判断されやすくなります。,
459,20,右折しようとして交差点内で停止しているとき、対向する右折車や直進車によってできる死角は、その車が接近してくるほど大きくなる。,TRUE,対向車が近づけば近づくほど、死角は大きくなります。,
460,20,二輪車で四輪車の側方を並んで走行していても、四輪車のドライバーは周囲を確かめながら走行しているので、とくに注意する必要はない。,FALSE,二輪車は四輪車の死角に入り、自車の存在に気づかれていないことがあるので、十分注意して走行します。,
461,21,運転者の性格や日常の生活態度は、安全な運転に影響を及ぼすことはない。,FALSE,車の運転には、運転者の人柄や生活習慣がそのまま現れ、安全運転をする上で大きな影響があります。,
462,21,車の運転に慣れてくれば緊張感も少なくなるので、漫然とした運転になることはない。,FALSE,車の運転に慣れてくると、気が緩んで漫然とした運転になりがちになるので注意が必要です。,
463,21,「動作は速いが、ミスが多い」より「動作は遅いが、ミスは少ない」ことのほうが、安全な運転をするには重要である。,TRUE,ミスが少ないほうが安全運転に適しています。,
464,21,安全運転の大切なポイントは、自分の性格やくせを知り、それをカバーする運転をすることである。,TRUE,設問のような心構えは、安全運転に大切なことです。,
465,21,運転技量の過信は、無理な運転につながる。,TRUE,運転技量を過信すると、危険度が高くなります。,
466,21,行楽気分に浮かれているときは、注意力が散漫になり事故に結びつきやすい。,TRUE,気分が浮かれているときは、運転に集中できなくなり危険です。,
467,21,自己中心的な運転をすると、他人に危険を与えるだけでなく、自分も危険になる。,TRUE,他人の立場を考え、思いやりのある運転を心がけましょう。,
468,21,車の運転は、初心者のうちは慎重に運転するが、少し慣れてくると、漫然とした運転になりがちになるので注意が必要である。,TRUE,運転に慣れればなれるほど、気が緩んで漫然と運転しがちになるので注意しましょう。,
469,21,運転に自信があれば、自己中心的な運転をしても、他人に危険を与えることはない。,TRUE,自己中心的な運転は、他人に危険を与えるだけでなく、自分自身も危険です。,
470,21,運転中にイライラしたり考えごとをしたりすると、注意力が低下して安全な運転に支障を及ぼすことがある。,FALSE,精神的に集中できないときは、運転を控えるようにしましょう。,
471,22,運転中に目が疲れたときは、見通しのよい直線部分で速度を落として周りの景色を眺めながら走行するとよい。,FALSE,運転中に目が疲れたときは、走りながらではなく、車を止めて疲れをとるようにします。,
472,22,危険を感じてからブレーキをかけ、ブレーキがきき始めるまでには１秒くらいの反応時間がかかるが、運転者が疲れているときは認知判断に時間がかかるので、空走距離は長くなる。,TRUE,設問のとおりです。運転者が疲れているときは、反応時間が延びるため、空走距離が長くなります。,
473,22,判断能力や運転行動には限界があるので、自分の能力の限界を知り、それを超えない運転をしなければならない。,TRUE,自分の能力の限界を知って安全運転に役立てましょう。,
474,22,速度が速くなるに従って、視野は狭くなり、とくに近くのものが見えにくくなる。,TRUE,設問のとおりです。速度を出し過ぎると近くから飛び出してくる歩行者などを見落とすことがあります。,
475,22,同じ距離であっても、大型車は近くに、小型車は遠くに感じる。,TRUE,設問のとおりです。車の大きさによって距離の感じ方が違います。,
476,22,明るいところから急に暗いトンネルに入ると、視力は一時急激に低下するので、トンネルに入る前に速度を落とすべきである。,TRUE,トンネルに入ると視力が一時的に低下するので、トンネルに入る前で速度を落とします。,
477,22,速度の出し過ぎは、見落としが多くなり、危険の発見を遅らせる。,TRUE,速度の出し過ぎは、見落としや見まちがいが多くなり、危険性が高くなります。,
478,22,夜間、運転中少しでも眠気を感じたら安全な場所に車を止め、短時間でも仮眠をするか休息をとって、眠気をさましてから運転する。,TRUE,眠気は我慢してはいけません。眠気をさましてから運転するようにします。,
479,22,トンネルに入るときは、暗くなるので速度を落として入るが、前照灯をつけているときは、見通しがきくのでそのままの速度で入ってもよい。,FALSE,前照灯をつけていても視力は低下します。速度を落として進入しましょう。,
480,22,運転中は、つねに目を動かしていると運転に集中できないので、なるべく一点を見て運転したほうがよい。,FALSE,一点だけを見つめずに、できるだけ広く目を配り、多くの情報を捕らえるようにして運転します。,
481,23,このようなカーブの曲がり方はよくない。,FALSE,カーブ走行は、図のように手前で減速してゆっくり入り、カーブの後半から徐々に加速します。,Qimage23-1.png
482,23,二輪車は手軽な乗り物なので、四輪車とは違ってあまり運転技術を必要としない。,FALSE,安易な乗り方は危険です。二輪車の特性を考えて運転します。,
483,23,遠心力は、およそ速度の二乗に比例して大きくなり、カーブの半径が小さいほど大きくなる。,TRUE,設問のとおりです。遠心力は、およそ速度の二乗に比例して大きくなり、カーブの半径が小さいほど大きくなります。,
484,23,自動車の制限速度や積載制限などの規制は、交通公害とはとくに関係がない。,FALSE,速度が速すぎたり重量が重すぎたりすると、騒音や振動が大きくなるので、これを規制することは交通公害を防止することにつながります。,
485,23,遠心力の大きさは、カーブの半径が小さいほど大きくなり、速度の二乗に比例して大きくなる。,TRUE,遠心力は、カーブの半径が小さいほど大きくなり、速度の二乗に比例して大きくなります。,
486,23,駐停車時にエンジンをかけっぱなしにしても、交通公害や地球温暖化の一因にはならないので、いちいちエンジンを止めなくてもよい。,FALSE,自動車のエンジンを停止すること（アイドリングストップ）は、交通公害や地球温暖化の防止につながります。環境に配慮した自動車の使用（エコドライブ）に努めましょう。,
487,23,片側ががけ（谷）になっている狭い道路での行き違いは、山側の車があらかじめ停止して、がけ側の車を先に通すようにする。,TRUE,がけ側の車が安全な場所に停止して反対側の車に道を譲ります。,
488,23,速度が２倍になれば、制動距離や曲がるときに外へ飛び出そうとする力も２倍になる。,FALSE,制動距離や遠心力は、速度の二乗に比例するので、それぞれ４倍になります。,
489,23,大型自動二輪車、普通自動二輪車で高速走行中は、急ブレーキをかけると横すべりを起こす原因になるので、なるべく避けるべきである。,TRUE,設問のとおりです。ブレーキは数回に分けてかけます。,
490,23,大型自動二輪車や普通自動二輪車で二人乗りをするときは、一人乗りと比べて運転特性に違いがあるので、一人乗りでの運転が十分に慣れてから行うようにする。,TRUE,二人乗りでの運転は、一人乗りでの運転が習熟してから行うようにしましょう。また、二人乗りに関する講習も受講してみましょう。,
491,24,大地震が発生してやむを得ず車を道路上において避難するときは、道路の左側に寄せて駐車し、エンジンを止め、エンジンキーはつけたままにし、四輪車は窓を閉め、ドアはロックしない。,TRUE,設問のとおりです。車を置いて避難するときは、キーはつけたままにし、窓を閉め、ドアはロックしません。,
492,24,工事現場の鉄板の上などは、濡れると特にすべりやすくなるので、急ブレーキをかけなくてすむよう、あらかじめ十分速度を落として走行する。,TRUE,条件の悪い場所を通るときは、その前に減速しておくのが安全です。,
493,24,ぬかるみなどで、車輪がから回りするときは、古毛布、砂利などを敷くとよい。,TRUE,設問のとおりです。ぬかるみなどで車輪がから回りするときは、古毛布、じゃり、砂袋などすべり止めになるものを使うと効果的です。,
494,24,昼間、一般道路で故障などにより普通自動車を駐車するときは、停止表示器材を置いたりトランクやボンネットを開けて、故障車であることがわかるようにする。,TRUE,設問のとおりです。停止表示器材を置いたりトランクやボンネットを開けて、故障車であることがわかるようにします。,
495,24,深い水溜りを通った直後は、ブレーキの効きが悪くなることがあるので、ブレーキの効きを確かめる必要がある。,TRUE,深い水溜まりを通った直後は、ブレーキの効きが悪くなることがあるので、数回ブレーキをかけて、効き具合を確認しましょう。,
496,24,雨降りのときなど高速で運転すると、突然、水上スキーのような状態が起きて、ハンドルやブレーキがきかなくなることがある。,TRUE,設問のとおりです。この現象をハイドロプレーニング現象といい、ハンドルやブレーキが効かなくなり大変危険です。,
497,24,運転中に大地震が発生し、車を駐車するときは、できるだけ道路外に停止させる。,TRUE,できるだけ道路外に移動し、道路を避難通路としてあけておきます。,
498,24,夜間は、自分の車のライトと対向車のライトで道路の中央付近の歩行者などがよく見えるようになる。,FALSE,設問のような状況を蒸発現象といい、中央付近の歩行者などが見えなくなることがあります。蒸発現象は、暗い道路でとくに起こりやすいので、十分注意しましょう。,
499,24,雨の日は、視界が悪く路面がすべりやすいので、晴れた日よりも速度を落とし、車間距離を多めにとって慎重に運転することが大切である。,TRUE,設問のとおりです。雨の日は、車間距離を多めにとって慎重に運転します。,
500,24,夜間、やむを得ず一般道路で駐車するときは、非常点滅表示灯をつけるなどして、他の車に停止していることがわかるようにしておく。,TRUE,設問のとおりです。夜間、やむを得ず一般道路で駐車するときは、非常点滅表示灯をつけるなどして、他の車に停止していることがわかるようにしておきます。,
501,25,交通事故を起こすと、運転者本人だけでなく家族も経済的損失と精神的苦痛などの大きな負担を負うことになる。,TRUE,このようなことにならないよう安全運転に努めましょう。,
502,25,二輪車に乗るときは、体の露出がなるべく少なくなるような服装で運転するが、同乗者に対してはその必要はない。,FALSE,同乗者に対しても、万が一の転倒などに備えて、体の露出がなるべく少なくなるような服装で同乗させます。,
503,25,自動車は、使い方を誤ると悲惨な事故を起こす恐ろしい凶器になることを忘れてはならない。,TRUE,車の運転には常に危険が伴い、一歩間違えば取り返しのつかない結果を招きます。,
504,25,追い越しの失敗は自分だけではすまず、他人を巻き添えにする大惨事にもなるので、カーブなど危険な場所では絶対に無理な追い越しをしてはならない。,TRUE,無理な追い越しは、しないようにしましょう。,
505,25,自動二輪車を運転するときは、乗車用ヘルメットをかぶって運転しなければならないが、原動機付自転車を運転する場合には乗車用ヘルメットをかぶらなくともよい。,FALSE,自動二輪車も原動機付自転車も、運転するときは、乗車用ヘルメットの着用が義務づけられています。,
506,25,二輪車に乗るときは、ほかの運転者から見てよく目に付きやすいものを着用し、夜間は、反射性のある衣服、または反射材の付いた乗車用ヘルメットを着用するとよい。,TRUE,特に夜間は、視認性を高めるために反射性のある衣服、または反射材の付いた乗車用ヘルメットを着用します。,
507,25,交通事故の特徴として、死亡事故は夜間より昼間、交差点よりカーブ付近で多く発生している。,FALSE,死亡事故は、昼間より夜間、カーブより交差点付近で多く発生しています。,
508,25,二輪車での死亡事故の多くは、頭部を負傷したことによる原因が致命傷となっているので、ＰＳ（С）マークかＪＩＳマークのついた安全な乗車用ヘルメットを選び、あごひもを確実に締めるなどして正しく着用する。,TRUE,二輪車を運転するときは、安全性の高い乗車用ヘルメットをかぶり、正しく着用しなければなりません。,
509,25,交差点で右折する場合、対向してきた大型トラックが止まって先に右折するよう合図をくれたので、急いで右折した。,FALSE,対向車の死角の中に二輪車がいる場合もあります。必ず安全確認をし徐行して進行しましょう。,
510,25,交通事故を起こした場合は、刑事上の責任は自分にあるが、民事上の責任は保険会社が負う。,FALSE,事故を起こすと、運転者は、刑事上の責任（懲役、禁固、罰金）、民事上の責任（損害賠償）を負うとともに、行政処分（免許の取消し、停止）を受けることになります。,
511,26,ブレーキのリザーバータンク内の液量は、上限と下限の間にあるのがよい。,TRUE,設問のとおりです。ブレーキの液量は、多すぎても少なすぎてもいけません。,
512,26,オイルレベル・ゲージ（油量計）でエンジンオイルの量を点検するときは、エンジンをかけてから行う。,FALSE,エンジンオイルの量を点検するときは、エンジンをかける前に行います。,
513,26,ブレーキペダルの踏みしろは、ブレーキを踏み込んだとき、ペダルが床板につくぐらいがよい。,FALSE,ブレーキペダルが床板につくと、ブレーキを完全に効かせることができないので、ペダルと床板との間に少しすき間があるのが適正です。,
514,26,エンジンオイルの量は、オイルレベルゲージ（油量計）の「Ｆ」と「Ｌ」の間に保つようにする。,TRUE,エンジンオイルの量は、多すぎても少なすぎてもいけません。,
515,26,自家用の二輪の自動車の日常点検は、運行時の状態などから判断した適切な時期に行えばよい。,TRUE,設問の車の日常点検は、走行距離や運行時の状態などから判断した適切な時期に行います。,
516,26,エンジンオイルの量は、オイルレベル・ゲージ（油量計）で示された範囲内にあるかを点検する。,TRUE,エンジンオイルの量は、オイル・レベルゲージ（油量計）により示された範囲内（FとLの間）に保つようにします。多すぎても少なすぎてもいけません。,
517,26,ブレーキを踏んだとき、やわらかい感じがしたときのほうが、ブレーキのききがよい。,FALSE,やわらかく感じたときは、ブレーキのきき不良や片ぎきのおそれがあります。,
518,26,自動車の使用者は、日常点検を行うほか、燃料、冷却水、エンジンオイル、タイヤの溝などについて適宜点検を行い、少しでも悪い個所があるときは、直ちに整備しなければならない。,TRUE,自動車の使用者は、日頃から設問のような点検を行いましょう。,
519,26,四輪車の運転中に急にハンドルが重くなったときは、直ちに運転を中止し点検整備をしなければならない。,TRUE,設問のとおりです。急にハンドルが重くなったときは、直ちに運転を中止し、点検整備をしなければなりません。,
520,26,日常点検では、エンジンの低速時や加速時の状態まで点検する必要はない。,FALSE,エンジンの低速、加速状態についても点検します。,
521,27,自動車（二輪を除く）の保有者は、自動車を使用する本拠の位置から２キロメートル以内の道路以外の場所に、保管場所を確保しなければならない（特定の村の区域を除く）。,TRUE,設問のとおりです。保管場所は本拠の位置から２キロメートル以内に確保します。,
522,27,こう配の急な下り坂では駐車してはいけないが、こう配の急な上り坂では駐車してもよい。,FALSE,こう配の急な上り坂も下り坂も、駐停車禁止場所です。,
523,27,バスや路面電車の停留所の標示板（柱）から１０メートル以内の場所は、運行時間外であれば駐停車することができる。,TRUE,バスの停留所の標示板（柱）から前後１０メートル以内の場所は、駐停車禁止場所ですが、バスの運行時間外は禁止されていません。,
524,27,違法に駐車している車に対しては、「放置車両確認標章」が取り付けられることがあり、その車の使用者は放置違反金の納付を命じられることがある。,TRUE,設問のとおりです。その車を運転していなくても、使用者に対して放置違反金の納付を命じられることがあります。,
525,27,道路に駐車した場合、車の右側に２.５メートル以上の余地があれば駐車をしてもよい。,FALSE,２.５メートルは誤りです。車の右側に３.５メートル以上の余地がなくなるような狭い道路では、原則として駐車してはいけません。,
526,27,歩道や路側帯のない道路に駐車するときは、道路の左側に０.７５メートル以上の余地をあけておかなければならない。,FALSE,歩道や路側帯のない道路に駐車するときは、道路の左端に沿って駐車します。０.７５メートル以上の余地をあけておくのは、幅の広い路側帯がある場合に限ります。,
527,27,この標識のあるところでは、午前８時から午後８時までの間、標識の向こう側（背面）には駐車してもよいが、こちら側（手前）には駐車してはならない。,TRUE,図の標識は、駐車禁止の終わりを示しているので、標識の向こう側には駐車することができます。,Qimage27-7.png
528,27,駐車禁止場所であっても、運転席から離れず、すぐ運転できる状態で客を待つため車を止めることは、駐車違反にならない。,FALSE,運転者が乗車していても、継続的な停止は駐車になります。従って、設問のような止め方は、駐車違反になります。,
529,27,道路左側の歩道に沿って平行して駐停車している車の右側には、駐車してはならないが、停車はできる。,FALSE,道路に平行して駐停車している車と並んで駐車も停車もしてはいけません（二重駐停車の禁止）。,
530,27,この標識のある場所では、専用場所駐車標章の交付を受けてない人でも駐車できる。,FALSE,この標識のある場所で駐車する場合は、専用場所駐車標章の交付を受けていない人は駐車できません。,Qimage27-10.png
531,28,荷台に荷物を積んだとき、方向指示器、尾灯、制動灯、ナンバー・プレートなどが見えなくなるような積み方をしたときは、見張りの者を乗せれば運転してもよい。,FALSE,見張りを乗せても安全の確保はできないので、設問のような積み方をして、運転してはいけません。,
532,28,普通自動車（６６０ｃｃ以下と三輪のものを除く）や中型自動車、大型自動車は、荷台から３.８メートルの高さまで荷物を積むことができる。,FALSE,普通自動車（６６０ｃｃ以下と三輪のものを除く）や中型、大型自動車の積み荷の高さ制限は、荷台からではなく、地上から３.８メートル以下です。,
533,28,自動車検査証に記載されている乗車定員の中には、運転者は含まれている。,TRUE,設問のとおりです。検査証に記載された乗車定員は、運転者も含んだ人数です。,
534,28,二輪の自動車の積み荷の高さは、地上から２.５メートルまでである。,FALSE,２.５メートルは誤りです。地上から２メートルである。,
535,28,危険物を運搬する車は、外から見て危険物を運搬中であることが分かるような表示板を掲げなければならない。,TRUE,設問のとおりです。「危」の表示板を掲げなければなりません。,
536,28,普通貨物自動車に積む荷物の幅は、その車の幅の１０分の１を加えた幅まで積むことができる。,FALSE,歩道や路側帯のない道路に駐車するときは、道路の左端に沿って駐車します。０.７５メートル以上の余地をあけておくのは、幅の広い路側帯がある場合に限ります。,
537,28,乗車定員５人の乗用車には、運転者のほかに大人１人と１２歳未満の子ども５人を乗せて運転することができる。,FALSE,１２歳未満の子ども３人を大人２人として計算するので、子ども５人の場合は、４人乗っている計算となります。運転者のほかに大人１名となると計６名乗車することになりますので、定員超過となります。,
538,28,普通二輪免許を受けていても、普通二輪免許を受けていた期間が１年未満の者は、一般道路において普通自動二輪車で二人乗りをしてはならない。,TRUE,設問のとおりです。普通二輪免許を受けて１年を経過していない者は、二人乗りをしてはいけません。,
539,28,原動機付自転車と自動二輪車の積み荷の高さ制限は、いずれも同じで、地上から２メートル以下である。,TRUE,設問のとおりです。原動機付自転車と自動二輪車の積み荷の高さ制限は、地上から２メートル以下です。,
540,28,大型自動二輪車や普通自動二輪車で座席のないものや原動機付自転車は、二人乗りをしてはならない。,TRUE,乗車装置のない二輪車や原動機付自転車は、二人乗りをしてはいけません。,
541,29,大型自動車でけん引できる故障車の台数は３台までである。,FALSE,大型自動車でけん引できる故障車の台数は、３台ではなく２台までです。,
542,29,ロープで故障車をけん引するときは、ロープの見やすい箇所に０.３メートル平方以上の白い布をつけ、その車を運転できる免許を持っている人にハンドルなどの操作をしてもらう。,TRUE,設問のとおりです。その車を運転できる免許を持っている人が、けん引する側にも、される側にも必要です。,
543,29,故障車をロープでけん引するときは、けん引する車の前端からけん引される車の後端までの全部の長さを２５メートル以内にしなければならない。,TRUE,設問のとおりです。けん引する車の前端からけん引される車の後端までの長さの制限は、２５メートル以内と決められています。,
544,29,普通自動車でけん引できる故障車の台数は２台までである。,TRUE,設問のとおりです。普通自動車では、故障車を２台までけん引することができます。,
545,29,故障車をロープでけん引するときは、故障車とけん引する車の距離を５メートル以内にしなければならない。,TRUE,設問のとおりです。故障車をけん引する場合は、ロープを５メートル以内に保ち、３０センチメートル平方以上の白い布をつけてけん引します。,
546,29,自動車で故障車両をけん引するとき、ワイヤーでしっかり結べば、それだけでよい。,FALSE,双方の車の距離が５メートル以内となるワイヤーで、中央部分に０.３メートル平方以上の白い布をつけなければなりません。,
547,29,故障車をロープでけん引する場合、故障車の運転は、その故障車を運転できる免許を持っている者でなければならない。,TRUE,故障車には、その車を運転できる免許を持っている者を乗せ、ハンドル等の装置を操作させなければなりません。,
548,29,けん引する車の前端からけん引される車の後端までの長さは、２５メートルを超えてはならない。,TRUE,設問のとおりです。けん引する車の前端からけん引される車の後端までの長さは、２５メートルを超えてはいけません。,
549,29,大型自動二輪車や普通自動二輪車では、故障した二輪車をけん引してはいけない。,FALSE,大型自動二輪車や普通自動二輪車では、故障した二輪車を１台までけん引することができます。,
550,29,故障車をロープでけん引する場合、その間は５メートル以内にして、ロープの中央に０.３メートル平方以上の赤い布をつけなければならない。,FALSE,「赤い布」ではなく、０.３メートル平方以上の「白い布」をつけなければなりません。,
551,30,交通事故の現場に居合わせた人は、負傷者の救護、事故車両の移動などに進んで協力する。,TRUE,設問のとおりです。負傷者の救護、事故車両の移動などに進んで協力しましょう。,
552,30,交通事故を起こしたときは、まず車を安全な場所に移動し、負傷者がいる場合はその救護に当たらなければならない。,TRUE,事故の続発を防止し、負傷者の救護を行い、警察官へ報告します。,
553,30,交通事故で負傷者がいない場合は、お互いに話し合って示談がまとまれば、警察官に届け出なくてもよい。,FALSE,交通事故を起こしたときは、負傷者の有無にかかわらず警察官に届け出なければなりません。,
554,30,ひき逃げ車両を見かけたら、負傷者を救助することはもちろん、車のナンバー、車種や色などの特徴を警察官に届け出る。,TRUE,設問のとおりです。ひき逃げを見かけたときは、負傷者を救護するとともに、その車のナンバー、車種、色などの車の特徴を警察官に届け出ましょう。,
555,30,交通事故の場合、相手に過失があって自分に責任がないときは、警察官に届けなくてもよい。,FALSE,交通事故の場合、事故の当事者は過失の有無に関係なく警察官に届け出なければなりません。,
556,30,電柱や街路樹に車をぶつけたときは、警察官への届け出はしなくてもよい。,FALSE,物の損壊の程度などを警察官に報告し、指示を受けなければいけません。,
557,30,交差点で衝突事故を起こしたが、身動きもできなかったので、二重事故を防ぐために発炎筒を使用した。,TRUE,設問のとおり、発炎筒を使用して、周囲に状況を知らせます。,
558,30,交通事故で、頭部などに強い衝撃を受けても、外傷がなければ医師の診断は受けなくてもよい。,FALSE,外傷がなくても医師の診断を受けましょう。後になって後遺症が起きて困る場合があります。,
559,30,交通事故で、負傷者がいない物損事故だけのときは、お互いに話し合いがまとまれば、警察官に届け出る必要はない。,FALSE,交通事故が起きたときは、事故の程度にかかわらず警察官に届け出なければなりません。,
560,30,交通事故の現場に居合わせても、当事者同士ではないので、負傷者の救護や事故車両の移動にはあまり関わりを持たないほうがよい。,FALSE,交通事故の現場に居合わせた人は、負傷者の救護、事故車両の移動などに進んで協力しましょう。,
561,31,どんな自動車保険でも、その加入はあくまで運転者の任意である。,FALSE,保険は、強制保険と任意保険とがあります。強制保険はすべての車が加入しなければなりません。,
562,31,自家用の普通乗用自動車は１２か月ごと、自家用の普通貨物自動車（６６０ｃｃ以下のものは除く）は６か月ごと、事業用の自動車（６６０ｃｃ以下の普通貨物自動車は除く）は３か月ごとに定期点検を受ける。,TRUE,設問のとおりです。１２か月、６か月、３か月ごとの区分を正確に覚えましょう。,
563,31,自動車（小型特殊自動車、１２５ｃｃ以下の普通自動二輪車を除く）は、登録を受けて番号標を付けなければならない。,TRUE,自動車（小型特殊自動車、１２５ｃｃ以下の普通自動二輪車を除く）は、登録を受けて（届け出をして）番号標（ナンバープレート）を付けなければなりません。,
564,31,自動車や原動機付自転車は、定められた時期に検査（車検）を受けなければならない。,FALSE,原動機付自転車には、検査（車検）制度がないので、検査を受ける必要はありません。,
565,31,任意保険に加入すると安心して運転し事故を起こしやすいので、任意保険にはできるだけ加入しないほうがよい。,FALSE,事故は起こす気で起こすものではありません。万一に備えて加入しておきます。,
566,31,普通自動二輪車は、すべて２年ごとに検査（車検）を受けなければならない。,FALSE,エンジンの総排気量が２５０ｃｃ以下の普通自動二輪車は、検査（車検）を受ける必要はありません。,
567,31,普通自動車のフロントガラスに貼られている検査標章の数字は、次の検査の時期を表している。,TRUE,検査標章の数字は、次の検査の時期（年月）を表しています。,
568,31,交通事故の責任は運転者だけが負うべきであるから、車の管理が悪く勝手に持ち出された交通事故であっても、その車の所有者にはなんの責任もない。,FALSE,車の所有者は、車の管理に十分注意しなければなりません。管理が悪く勝手に持ち出され、交通事故が起きた場合、その車の所有者に責任が生じる場合があります。,
569,31,自動車や原動機付自転車は強制保険に加入しなければならないが、任意保険にもできるだけ加入すべきである。,TRUE,設問のとおりです。強制保険だけでは十分に賠償できるとは限りませんので任意保険にも加入しておきましょう。,
570,31,タクシー、ハイヤーなどの事業用自動車や、自家用の大型自動車は３か月毎に、それ以外の自動車は１２か月毎に定期点検をしなければならない。,FALSE,自家用普通貨物自動車などは、６か月毎に点検しなければなりません。,
571,32,走行経路を設計する場合、高速道路を利用するときは、歩行者や信号機の信号に注意しなくてもよく、比較的疲労が少ないため、４時間に１回程度の休憩をとるようにする。,FALSE,少なくとも２時間に１回程度は休憩をして、疲労を回復するようにします。,
572,32,長距離運転をするときは、あまり細かい計画を立てると計画にとらわれがちになるので、計画を立てないでその場に応じた運転をしたほうがよい。,FALSE,長距離運転をするときは、運転計画を立てないと、道に迷ったりして、かえって余分な時間を費やすことになります。,
573,32,車を運転中、経路が分からなくなったときは、走行しながら早めに地図を見て、目的地への経路を調べる。,FALSE,走行中に地図を見ては危険です。車を安全な場所に止め、地図を見たり、人に尋ねるなどして経路を調べます。,
574,32,案内標識を見ながら運転すると、安全な運転ができなくなるので、なるべく見ないで運転したほうがよい。,FALSE,経路を間違えないようにするためには、案内標識を有効に活用して運転しましょう。,
575,32,走行経路を設計する場合、複雑で短い経路を選ぶよりも、なるべく右左折が少なく単純で覚えやすい経路を選ぶようにする。,TRUE,設問のとおりです。走行経路を設計する場合、複雑で短い経路を選ぶと、右左折が多く道に迷ったりして、かえって時間が多くかかってしまうことがあります。,
576,32,長距離運転するときは、事前に走行経路や距離、所要時間などを道路地図などで調べておき、余裕をもって運転できるように準備しておく必要がある。,TRUE,設問のとおりです。長距離運転するときは、事前に道路地図などで、経路や所要時間などを調べておきましょう。,
577,32,走行中、経路が分からなくなり不安が生じたら、早めに安全な場所に停止して、地図を見たり人に尋ねるようにする。,TRUE,早めに車を止めて、経路を確認するようにしましょう。,
578,32,長距離運転するときに、あらかじめ地図などで距離や経路を調べても渋滞などで予定が変わることが多いので、事前に予定を立てずに発車したほうがよい。,FALSE,長距離運転するときは、事前に道路地図などで、経路や所要時間などを調べておき、渋滞しても余裕を持って運転できるように計画しましょう。,
579,32,走行経路を設計する場合は、右左折が多く複雑な道路でも、最短距離になるような経路を選ぶのがよい。,FALSE,走行経路を設計する場合は、多少遠回りでも、単純で覚えやすい経路を選んだほうが、かえって確実に行くことができます。,
580,32,長時間運転するときは、あらかじめ運転計画を立てないと、道に迷ったりして、かえって余分な時間を費やすことになる。,TRUE,長距離運転するときは、あらかじめ運転計画を立てないと、道に迷ったりして、かえって余分な時間を費やすことになります。,
581,33,高速道路において故障などのため運転できなくなり、やむを得ず駐車する場合には、十分な幅のある路肩や路側帯に駐車させなければならない。,TRUE,故障などでやむを得ず駐車する場合は、十分な幅のある路肩や路側帯に駐車させなければなりません。,
582,33,高速自動車国道の本線車道で、標識等による速度の指定のないところでの、普通自動車（三輪、けん引を除く）の法定速度は８０キロメートル毎時である。,FALSE,高速自動車国道における普通自動車の法定速度は、１００キロメートル毎時です。,
583,33,高速自動車国道における大型自動車の法定最高速度は、乗用も貨物も１００キロメートル毎時である。,FALSE,大型乗用自動車は１００キロメートル毎時、大型貨物自動車は８０キロメートル毎時です。,
584,33,高速道路の本線車道が合流するところで、図のように前方の本線車道の優先が指定されているときは、Ｂ車はＡ車の進行を妨げてはいけない。,TRUE,設問のとおりです。Ｂ車は、Ａ車の進行を妨げてはいけません。,Qimage33-4.png
585,33,高速自動車国道での大型乗用自動車の法定最高速度は、１００キロメートル毎時である。,TRUE,設問のとおりです。大型乗用自動車の法定最高速度は、１００キロメートル毎時です。,
586,33,高速自動車国道でほかの車をけん引して走ることができるのは、けん引するための構造と装置のある車が、けん引されるための構造と装置のある車をけん引する場合に限られる。,TRUE,設問のとおりです。ロープなどでけん引する場合は、通行できません。,
587,33,高速道路で車が故障などのため運転できなくなり、やむを得ず駐車する場合は、十分な幅のある路肩や路側帯に駐車させなければならない。,TRUE,故障などでやむを得ず駐車する場合は、十分な幅のある路肩や路側帯に駐車させなければなりません。,
588,33,自動車専用道路の本線車道では、転回はもちろん、必要最小限度の後退もしてはならない。,TRUE,設問のとおりです。自動車専用道路の本線車道では、転回も後退も禁止されています。,
589,33,車両通行帯が二つ以上ある高速自動車国道の本線車道では、トレーラーは最も左側の車両通行帯を通行しなければならない。,TRUE,設問のとおりです。けん引自動車は本線車道の、最も左側の車両通行帯を通行しなければなりません。,
590,33,本線車道とは、高速自動車国道や自動車専用道路で通常高速走行する部分をいい、加速車線や減速車線も含まれる。,FALSE,本線車道とは、高速自動車国道や自動車専用道路で通常高速走行する部分をいい、加速車線、減速車線、登坂車線、路側帯、路肩は、本線車道には含まれません。,
591,34,高速道路（一部の自動車専用道路を除く）では、二人乗りをして大型自動二輪車や普通自動二輪車を運転してはならない。,FALSE,高速道路では、年齢が２０歳以上で、大型二輪免許か普通二輪免許を受けていた期間が３年以上の人であれば、二人乗りをすることができます。,
592,34,大型二輪免許か普通二輪免許を受けていて、年齢が２０歳以上で、経験が３年以上の者であれば、高速道路（一部の自動車専用道路を除く）を自動二輪車で二人乗りをして運転してもよい。,TRUE,設問のとおりです。年齢が２０歳以上で、大型二輪免許か普通二輪免許を受けていた期間が３年以上の者であれば、高速道路で二人乗りをすることができます。,
593,34,図の標識は、大型自動二輪車や普通自動二輪車の通行が禁止されていることを表している。,FALSE,「大型自動二輪車および普通自動二輪車二人乗り通行禁止」を表す規制標識で、大型自動二輪車や普通自動二輪車での二人乗りが禁止されています。,Qimage34-3_35-12_36-53.png
594,34,自動二輪車で二人乗りをするときは、運転者よりも同乗者の動きが遅れるため、危険回避がしにくくなるので注意が必要である。,TRUE,設問のとおりです。自動二輪車で二人乗りをするときは、運転者よりも同乗者の動きが遅れるため、危険を回避するための行動が遅れがちになるので、注意が必要です。,
595,34,高速自動車国道では、大型二輪免許か普通二輪免許を受けていれば、年齢や経験に関係なく、自動二輪車で二人乗りをして運転してもよい。,FALSE,高速自動車国道を自動二輪車で二人乗り運転ができるのは、年齢が２０歳以上で、大型二輪免許か普通二輪免許を受けていた期間が３年以上の人に限ります。,
596,34,自動二輪車で二人乗りをすると、同乗者の動きが遅れるため、加速時には運転者が前に押され、減速時には運転者が後ろに引かれるようになる。,FALSE,自動二輪車で二人乗りをすると、同乗者の体重により、加速時には運転者が後ろに引かれ、減速時には運転者が前に押されるようになります。,
597,34,自動二輪車で二人乗りをするときの同乗者の座る位置は、運転者と密着しないで適度な間隔をとって座るとよい。,TRUE,密着しすぎると運転者の操作の妨げとなります。密着せず離れすぎず、適度な間隔を保ちましょう。,
598,34,自動二輪免許を受けた期間が、通算して１年未満でも運転に自信があれば一般道路で二人乗りをしてもよい。,FALSE,普通自動二輪免許を受けた期間が１年を経過しない者は、二人乗りをすることができません。,
599,34,自動二輪車での二人乗りは、同乗者が意に反した動きをすることがあり、運転者がイメージしたとおりのコーナーリングができなくなることがある。,TRUE,同乗者が、運転者の思惑に反した動きをすることがあるので、注意が必要です。,
600,34,自動二輪車で二人乗りをするときは、同乗者とのコミュニケーションを定期的にとり、適度に休憩をとるようにする。,TRUE,設問のとおりです。同乗者のいねむりなどを防止するため定期的にコミュニケーションをとり、積極的に休憩をとるようにしましょう。,
601,35,二輪車でブレーキをかけるときは、車体を垂直に保ち、ハンドルを切らない状態でエンジンブレーキをきかせながら、前後輪のブレーキを同時にかけるのがよい。,TRUE,,
602,35,歩行者のそばを通るときは、常に一時停止しなければならない。,FALSE,,
603,35,大型二輪免許か普通二輪免許を受けていて、年齢が２０歳以上で、経験が３年以上の者であれば、高速道路（一部の自動車専用道路を除く）を自動二輪車で二人乗りをして運転してもよい。,TRUE,,
604,35,交通事故の現場に居合わせた人は、負傷者の救護、事故車両の移動などに進んで協力する。,TRUE,,
605,35,交通整理の行われている片側三車線以上の交差点で右折する原動機付自転車は、二段階の方法によって右折しなければならない。,TRUE,,
606,35,歩行者または自転車が、横断歩道や自転車横断帯を横断しようとしていないことが明らかな場合は、減速したり、一時停止しなくてもよい。,TRUE,,
607,35,下り坂でフットブレーキが効かなくなったときは、まず、すばやくシフトダウンしてエンジンブレーキを効かせ、さらにハンドブレーキを引いてみる。,TRUE,,
608,35,夜間、見通しのきかない交差点やカーブに近づくときは、ライトを上向きに切りかえるか点滅したほうがよい。,TRUE,,
609,35,図の標識は、普通乗用自動車以外の車は通行してはならないことを表している。,FALSE,,Qimage18-30_35-9_36-45.png
610,35,図の標示のあるところでは、車は矢印のように進路を変更することができる。,FALSE,,Qimage35-10_36-68.png
611,35,故障車をロープでけん引する場合、その間は５メートル以内にして、ロープの中央に０.３メートル平方以上の赤い布をつけなければならない。,FALSE,,
612,35,図の標識のある道路では、自動二輪車での二人乗りが禁止されている。,TRUE,,Qimage34-3_35-12_36-53.png
613,35,同一方向に進行しながら進路を変えようとするときは、進路を変えようとする３０メートル手前で合図をしなければならない。,FALSE,,
614,35,図のような標示のあるところでは、駐車はできないが停車はしてもよい。,FALSE,,Qimage35-14_36-77.png
615,35,日常点検の方法は、運転席にすわったり、エンジンルームをのぞいたり、車のまわりをまわって行う。,TRUE,,
616,35,夜間、一般道路に駐停車するときは、いかなる場合でも非常点滅表示灯、駐車灯または尾灯をつけなければならない。,FALSE,,
617,35,乗車定員１１人以上２９人以下のマイクロバスは、普通免許で運転することができる。,FALSE,,
618,35,判断能力や運転行動には限界があるので、自分の能力の限界を知り、それを超えない運転をしなければならない。,TRUE,,
619,35,普通自動二輪免許を受けた期間が、通算して１年未満でも運転に自信があれば一般道路で二人乗りをしてもよい。,FALSE,,
620,35,車両通行帯のないトンネルは追い越しが禁止されているが、車両通行帯のあるトンネルは禁止されていない。,TRUE,,
621,35,高速道路で故障してしまい、やむを得ず路肩に駐車するときは、昼間で視界が２００メートル以下の場合であっても、停止表示器材とあわせて、非常点滅表示灯か駐車灯または尾灯をつけなければならない。,TRUE,,
622,35,深い水溜りを通った直後は、ブレーキの効きが悪くなることがあるので、ブレーキの効きを確かめる必要がある。,TRUE,,
623,35,上り坂で発進するときは、四輪車の場合はハンドブレーキ、二輪車の場合は後輪ブレーキを利用するとよい。,TRUE,,
624,35,車の右側の道幅が３.５メートル以上の余地がなかったが、運転者が車の近くにいて指示をしながら１０分間、貨物の積みおろしを行った。,TRUE,,
625,35,図の標識のある場所では８時から２０時までの間は駐車も停車もできない。,TRUE,,Qimage35-25_36-87.png
626,35,見通しの悪い交差点は、危険を防止するためできるだけ警音器を鳴らして通行したほうがよい。,FALSE,,
627,35,バス専用通行帯は普通車、大型車などは通行してはならないが、右左折する場合は通行してもよい。,TRUE,,
628,35,原動機付自転車の最高速度は、標識などの指定がなければ３０キロメートル毎時である。,TRUE,,
629,35,図の標識のある場所は、車両のみ通行が禁止されており、歩行者は通行することができる。,TRUE,,Qimage4-7_16-32_18-29_19-40_35-29_36-76.png
630,35,自動車の保有者は、住所など自動車（二輪を除く）の使用の本拠の位置から５キロメートル以内の道路以外の場所に自動車の保管場所を設けなければならない（特定の村の区域を除く）。,FALSE,,
631,35,ハンドルのあそびは、まったくないほうがよい。,FALSE,,
632,35,この標識がある道路でも、道路の幅員が６メートル未満の見通しのよい道路であれば、はみ出し方をできるだけ少なくして追い越すことができる。,FALSE,,Qimage16-16_17-30_19-4_35-32_36-36.png
633,35,車は、タイヤと路面の摩擦抵抗によって止めるが、タイヤがすり減っていたり、路面が濡れたアスファルトのときは、摩擦抵抗が小さくなり制動距離が長くなる。,TRUE,,
634,35,車両通行帯のある道路で、指定された区分に従って通行しているときに緊急自動車が近づいてきても、そのまま進行してもよい。,FALSE,,
635,35,中央線が引かれている道路では、その左側部分の中央寄りを通るようにする。,FALSE,,
636,35,正面の信号が赤色の点滅をしているときは、他の交通に注意してさえいれば徐行して進入してもよい。,FALSE,,
637,35,横断歩道のない交差点、またはその付近を歩行者が横断している場合は、減速、徐行、一時停止などをして、その通行を妨げてはならない。,TRUE,,
638,35,自動二輪車での二人乗りは、同乗者が意に反した動きをすることがあり、運転者がイメージしたとおりのコーナーリングができなくなることがある。,TRUE,,
639,35,大型自動二輪車、普通自動二輪車を選ぶときは、シートにまたがったとき片足のつま先が地面にとどくくらいがよい。,FALSE,,
640,35,高速自動車国道の本線車道では、エンジンの総排気量が６６０ｃｃ以下の普通自動車の法定最高速度は、８０キロメートル毎時である。,FALSE,,
641,35,後退をするときの合図の時期は、その行為をしようとするときである。,TRUE,,
642,35,自動二輪車で二人乗りをするときは、運転者よりも同乗者の動きが遅れるため、危険回避がしにくくなるので注意が必要である。,TRUE,,
643,35,路線バスなどの専用通行帯は、原動機付自転車であればいつでも通行することができる。,TRUE,,
644,35,「初心者マーク」をつけている車を追い越したり追い抜いたりすることは禁止されている。,FALSE,,
645,35,走行中の携帯電話の使用は大変危険なので、運転する前に電源を切るなどして呼び出し音が鳴らないようにしておく。,TRUE,,
646,35,路側帯の幅が広い場所には路側帯に入って駐停車できるが、この場合、車の左側に０.７５ｍ以上の余地をあけなければならない。,TRUE,,
647,35,図のような荷物を積んで走るときは、警察署長の許可が必要である。,TRUE,,Qimage35-47_36-39.png
648,35,信号機のある踏切で、信号が青色のときは、一時停止や安全確認をしないで通過してもよい。,FALSE,,
649,35,停車とは、駐車にあたらない車の停止をいい、運転者がすぐに運転できる状態での短時間の停止をいう。,TRUE,,
650,35,この標識があるところでは、普通自動車だけが軌道敷内を通行することができる。,FALSE,,Qimage18-25_19-6_35-50_36-37.png
651,35,電柱や街路樹に車をぶつけたときは、警察官への届け出はしなくてもよい。,FALSE,,
652,35,交差点で警察官が両腕を水平に上げているとき、警察官に平行する方向の交通は、信号機の赤色の灯火と同じ意味である。,FALSE,,
653,35,走行中に後輪が右に横すべりしたとき、ハンドルを左に切るとよい。,FALSE,,
654,35,運転中は、つねに目を動かしていると運転に集中できないので、なるべく一点を見て運転したほうがよい。,FALSE,,
655,35,交通の円滑をはかるため、道路や交通の状況に関係なく、定められた制限速度いっぱいで走るのがよい。,FALSE,,
656,35,右折しようとするＡ車は、たとえ先に交差点に入っていても、直進しようとするＢ車の進行を妨げてはならない。,TRUE,,Qimage35-56.png
657,35,自動車の制限速度や積載制限などの規制は、交通公害とはとくに関係がない。,FALSE,,
658,35,雨の中を高速で走行すると、タイヤと路面の間に水の膜ができ、スリップを起こしたりハンドルやブレーキが効かなくなることがある。,TRUE,,
659,35,エンジンを止めて二輪車を押して歩くときであっても、歩道や横断歩道は通行できない。,FALSE,,
660,35,大型車は内輪差が大きく、運転席から見えにくい箇所があるので、大型車の左後方にいる二輪車には十分注意しなければならない。,TRUE,,
661,35,図の標識は、最高速度５０キロメートル毎時の区間が終わったことを表している。,TRUE,,Qimage35-61_36-32.png
662,35,車に荷物を積むときは、運転の妨げになったり、外から方向指示器などが見えにくくなったり、安全を悪くするような積み方をしてはならない。,TRUE,,
663,35,車が衝突したときの衝撃力は、速度には関係があるが重量には関係ない。,FALSE,,
664,35,時間制限駐車区間の標示板のある場所では、表示された時間内は、パーキングメーターを作動させないで駐車することができる。,FALSE,,Qimage35-64.png
665,35,０.７５メートル以下の路側帯のある道路に駐車するときは、車道の左側端に沿って駐車する。,TRUE,,
666,35,遮断機が上がっている踏切にさしかかったときは、他の車が安全に通過しているときに限り、一時停止することなく通行してよい。,FALSE,,
667,35,トンネルの中は、車両通行帯の有無に関係なく、駐車や停車が禁止されている。,TRUE,,
668,35,夜間の走行では、前車の尾灯や制動灯に特に注意する必要がある。,TRUE,,
669,35,本線車道を走行するときは、左側の白線を目やすに走行車線のやや左寄りを通行するのが安全である。,TRUE,,
670,35,駐車場や車庫の出入口から３ｍ以内は駐車禁止であるが、その所有者や、関係者であれば直前に駐車してもよい。,FALSE,,
671,35,二輪車は、四輪車の運転者から、距離は実際より近く、速度は実際より速く判断されやすい。,FALSE,,
672,35,交差点以外で、横断歩道や自転車横断帯などがないところで、警察官などが手信号で止まれの合図をしているときの停止位置は、警察官などの手前１メートルである。,TRUE,,
673,35,同一方向に三つ以上の車両通行帯のある道路で通行区分を指定する標識などがなければ、その速度に応じ最も右側の車両通行帯以外の通行帯を通行する。,TRUE,,
674,35,図のような標識がある交差点では、車は右折や直進をしてはならない。,TRUE,,Qimage19-24_35-74_36-52.png
675,35,最大積載量４.５トンの貨物自動車は、普通免許で運転することができる。,FALSE,,
676,35,センターラインを越えて追い越しをしようとするとき、前の車や対向車の進行を妨げるおそれがあるときは、追い越しをしてはいけない。,TRUE,,
677,35,図の標示は「停止禁止部分」を表すものであるから、交通渋滞のため徐行中であっても、この部分はあけておかなければならない。,TRUE,,Qimage35-77_36-3.png
678,35,図のような信号では、自動車と原動機付自転車（二段階右折する原動機付自転車を除く）は、右折することができる。,TRUE,,Qimage2-4_2-26_19-23_35-78_36-48.png
679,35,火災報知機から３メートル以内の場所は、車の駐車が禁止されている。,FALSE,,
680,35,交差点の中で、対面する信号が黄色になったときは、その場に停止しなければならない。,FALSE,,
681,35,高速道路において故障などのため運転できなくなり、やむを得ず駐車する場合には、十分な幅のある路肩や路側帯に駐車させなければならない。,TRUE,,
682,35,高速道路の加速車線を走行中、本線車道へ合流するときは、本線車道を通行している車の進行を妨げないように加速車線で十分加速してから合流する。,TRUE,,
683,35,二輪車は、カーブを曲がったり止まったりするような基本的な運転操作は、四輪車と同じ運転技術が必要である。,FALSE,,
684,35,二輪の自動車で同乗者用の座席がないものや原動機付自転車は、二人乗りをしてはならない。,TRUE,,
685,35,自動車（小型特殊自動車、１２５ｃｃ以下の普通自動二輪車を除く）は、登録を受けて番号標を付けなければならない。,TRUE,,
686,35,他の車に追い越されるときは、加速さえしなければ追い越しに十分な余地がなくても特に進路を譲る必要はない。,FALSE,,
687,35,図の道路では、最小限右側にはみ出して前車を追い越すことができる。,FALSE,,Qimage19-5_35-87_36-13.png
688,35,片側が、がけになっている狭い道路での行き違いは、がけ側の車があらかじめ停止して、対向の車を先に行かせるようにする。,TRUE,,
689,35,高速自動車国道における大型貨物自動車の法定最高速度は、８０キロメートル毎時である。,TRUE,,
690,35,図の標識は、すべての貨物自動車の通行止めを表している。,FALSE,,Qimage3-28_15-36_15-38_15-50_16-21_17-32_19-9_35-90_36-57.png
691,35,４０ｋｍ／ｈで進行中。歩道にはガードレールがあり、安全に通行することができるので、そのままの速度で進行する。,FALSE,,Qimage35_91_92_93.png
692,35,４０ｋｍ／ｈで進行中。左側の自転車は、歩道が歩行者などで通りにくいため、車道に飛び出してくるかもしれないので、警音器を鳴らして進行する。,FALSE,,Qimage35_91_92_93.png
693,35,４０ｋｍ／ｈで進行中。左側の自転車は、歩道が歩行者などで通りにくいため、車道に飛び出してくるかもしれないので、センターラインをまたがったまま進行する。,FALSE ,,Qimage35_91_92_93.png
694,35,３５ｋｍ／ｈで進行中、工事のため鉄板の上を通過する。左側の工事現場から作業員が飛び出してくるかもしれないので、速度を落として注意しながら通行する。,TRUE,,Qimage35_94_95_96.png
695,35,３５ｋｍ／ｈで進行中、工事のため鉄板の上を通過する。濡れた鉄板の上は非常に滑りやすいので、急ブレーキにならないようにあらかじめ速度を落とし、前車との車間距離を保って通行する。,TRUE,,Qimage35_94_95_96.png
696,35,３５ｋｍ／ｈで進行中、工事のため鉄板の上を通過する。雨に視界を妨げられて前方の状況がわかりづらいので、前車に接近して通行する。,FALSE,,Qimage35_94_95_96.png
697,35,３０ｋｍ／ｈで交差点を直進する。後続車がある。前車のかげの対向車が右折し横断歩道上の歩行者の直前で停止するかもしれないので、速度を落として進行する。,TRUE,,Qimage35_97_98_99.png
698,35,３０ｋｍ／ｈで交差点を直進する。後続車がある。ブレーキを数回に分けて踏み、速度を落とし、対向右折車の動きにも注意して進行する。,TRUE,,Qimage35_97_98_99.png
699,35,３０ｋｍ／ｈで交差点を直進する。後続車がある。右折車の左側があいているので、信号に従いこのままの速度で通過する。,FALSE,,Qimage35_97_98_99.png
700,35,３０ｋｍ／ｈで進行中。交差点を直進したい。交差点の見通しが悪いので、いつでも止まれる速度に落とす。,TRUE,,Qimage35_100_101_102.png
701,35,３０ｋｍ／ｈで進行中。交差点を直進したい。カーブミラーには何も写っておらず、左側は安全なので、右側だけに注意しながら通行する。,FALSE,,Qimage35_100_101_102.png
702,35,３０ｋｍ／ｈで進行中。交差点を直進したい。前方には他の交通が見えないので、このままの速度で走行する。,FALSE,,Qimage35_100_101_102.png
703,35,高速道路の本線車道を８０ｋｍ／ｈで進行している。加速車線の車が進入しようとしているので、加速して先に通過する。,FALSE,,Qimage35_103_104_105.png
704,35,高速道路の本線車道を８０ｋｍ／ｈで進行している。加速車線の車が無理に進入してくるおそれがあるので、急いで右側の車線に進路変更する。,FALSE,,Qimage35_103_104_105.png
705,35,高速道路の本線車道を８０ｋｍ／ｈで進行している。加速車線の車が自車に気づかずに進入してくるおそれがあるので、その動きに注意して、もし進入してきた場合は進路を譲る。,TRUE,,Qimage35_103_104_105.png
706,36,後退をするときの合図の時期は、その行為をしようとするときである。,TRUE,,
707,36,二輪の自動車で同乗者用の座席がないものや原動機付自転車は、二人乗りをしてはならない。,TRUE,,
708,36,図の標示は「停止禁止部分」を表すものであるから、交通渋滞のため徐行中であっても、この部分はあけておかなければならない。,TRUE,,Qimage35-77_36-3.png
709,36,交通事故の現場に居合わせた人は、負傷者の救護、事故車両の移動などに進んで協力する。,TRUE,,
710,36,下り坂でフットブレーキが効かなくなったときは、まず、すばやくシフトダウンしてエンジンブレーキを効かせ、さらにハンドブレーキを引いてみる。,TRUE,,
711,36,故障車をロープでけん引する場合、その間は５メートル以内にして、ロープの中央に０.３メートル平方以上の赤い布をつけなければならない。,FALSE,,
712,36,車は、タイヤと路面の摩擦抵抗によって止めるが、タイヤがすり減っていたり、路面が濡れたアスファルトのときは、摩擦抵抗が小さくなり制動距離が長くなる。,TRUE,,
713,36,路線バスなどの専用通行帯は、原動機付自転車であればいつでも通行することができる。,TRUE,,
714,36,雨の中を高速で走行すると、タイヤと路面の間に水の膜ができ、スリップを起こしたりハンドルやブレーキが効かなくなることがある。,TRUE,,
715,36,二輪車は、四輪車の運転者から、距離は実際より近く、速度は実際より速く判断されやすい。,FALSE,,
716,36,見通しの悪い交差点は、危険を防止するためできるだけ警音器を鳴らして通行したほうがよい。,FALSE,,
717,36,交差点で警察官が両腕を水平に上げているとき、警察官に平行する方向の交通は、信号機の赤色の灯火と同じ意味である。,TRUE,,
718,36,図の道路では、最小限右側にはみ出して前車を追い越すことができる。,FALSE,,Qimage19-5_35-87_36-13.png
719,36,横断歩道のない交差点、またはその付近を歩行者が横断している場合は、減速、徐行、一時停止などをして、その通行を妨げてはならない。,TRUE,,
720,36,停車とは、駐車にあたらない車の停止をいい、運転者がすぐに運転できる状態での短時間の停止をいう。,TRUE,,
721,36,交通整理の行われている片側三車線以上の交差点で右折する原動機付自転車は、二段階の方法によって右折しなければならない。,TRUE,,
722,36,「初心者マーク」をつけている車を追い越したり追い抜いたりすることは禁止されている。,FALSE,,
723,36,判断能力や運転行動には限界があるので、自分の能力の限界を知り、それを超えない運転をしなければならない。,TRUE,,
724,36,普通自動二輪免許を受けた期間が、通算して１年未満でも運転に自信があれば一般道路で二人乗りをしてもよい。,FALSE,,
725,36,運転中は、つねに目を動かしていると運転に集中できないので、なるべく一点を見て運転したほうがよい。,FALSE,,
726,36,本線車道を走行するときは、左側の白線を目やすに走行車線のやや左寄りを通行するのが安全である。,TRUE,,
727,36,同一方向に進行しながら進路を変えようとするときは、進路を変えようとする３０メートル手前で合図をしなければならない。,FALSE,,
728,36,遮断機が上がっている踏切にさしかかったときは、他の車が安全に通過しているときに限り、一時停止することなく通行してよい。,FALSE,,
729,36,大型自動二輪車、普通自動二輪車を選ぶときは、シートにまたがったとき片足のつま先が地面にとどくくらいがよい。,FALSE,,
730,36,自動車の保有者は、住所など自動車（二輪を除く）の使用の本拠の位置から５キロメートル以内の道路以外の場所に自動車の保管場所を設けなければならない（特定の村の区域を除く）。,FALSE,,
731,36,火災報知機から３メートル以内の場所は、車の駐車が禁止されている。,FALSE,,
732,36,夜間、見通しのきかない交差点やカーブに近づくときは、ライトを上向きに切りかえるか点滅したほうがよい。,TRUE,,
733,36,高速道路の加速車線を走行中、本線車道へ合流するときは、本線車道を通行している車の進行を妨げないように加速車線で十分加速してから合流する。,TRUE,,
734,36,日常点検の方法は、運転席にすわったり、エンジンルームをのぞいたり、車のまわりをまわって行う。,TRUE,,
735,36,路側帯の幅が広い場所には路側帯に入って駐停車できるが、この場合、車の左側に０.７５ｍ以上の余地をあけなければならない。,TRUE,,
736,36,車に荷物を積むときは、運転の妨げになったり、外から方向指示器などが見えにくくなったり、安全を悪くするような積み方をしてはならない。,TRUE,,
737,36,図の標識は、最高速度５０キロメートル毎時の区間が終わったことを表している。,TRUE,,Qimage35-61_36-32.png
738,36,高速自動車国道における大型貨物自動車の法定最高速度は、８０キロメートル毎時である。,TRUE,,
739,36,二輪車は、カーブを曲がったり止まったりするような基本的な運転操作は、四輪車と同じ運転技術が必要である。,FALSE,,
740,36,深い水溜りを通った直後は、ブレーキの効きが悪くなることがあるので、ブレーキの効きを確かめる必要がある。,TRUE,,
741,36,この標識がある道路でも、道路の幅員が６メートル未満の見通しのよい道路であれば、はみ出し方をできるだけ少なくして追い越すことができる。,FALSE,,Qimage16-16_17-30_19-4_35-32_36-36.png
742,36,この標識があるところでは、普通自動車だけが軌道敷内を通行することができる。,FALSE,,Qimage18-25_19-6_35-50_36-37.png
743,36,高速自動車国道の本線車道では、エンジンの総排気量が６６０ｃｃ以下の普通自動車の法定最高速度は、８０キロメートル毎時である。,FALSE,,
744,36,図のような荷物を積んで走るときは、警察署長の許可が必要である。,TRUE,,Qimage35-47_36-39.png
745,36,夜間、一般道路に駐停車するときは、いかなる場合でも非常点滅表示灯、駐車灯または尾灯をつけなければならない。,FALSE,,
746,36,右折しようとするＡ車は、たとえ先に交差点に入っていても、直進しようとするＢ車の進行を妨げてはならない。,TRUE,,
747,36,最大積載量４.５トンの貨物自動車は、普通免許で運転することができる。,FALSE,,
748,36,他の車に追い越されるときは、加速さえしなければ追い越しに十分な余地がなくても特に進路を譲る必要はない。,FALSE,,
749,36,上り坂で発進するときは、四輪車の場合はハンドブレーキ、二輪車の場合は後輪ブレーキを利用するとよい。,TRUE,,
750,36,図の標識は、普通乗用自動車以外の車は通行してはならないことを表している。,FALSE,,Qimage18-30_35-9_36-45.png
751,36,信号機のある踏切で、信号が青色のときは、一時停止や安全確認をしないで通過してもよい。,FALSE,,
752,36,駐車場や車庫の出入口から３ｍ以内は駐車禁止であるが、その所有者や、関係者であれば直前に駐車してもよい。,FALSE,,
753,36,図のような信号では、自動車と原動機付自転車（二段階右折する原動機付自転車を除く）は、右折することができる。,TRUE,,Qimage2-4_2-26_19-23_35-78_36-48.png
754,36,０.７５メートル以下の路側帯のある道路に駐車するときは、車道の左側端に沿って駐車する。,TRUE,,
755,36,大型車は内輪差が大きく、運転席から見えにくい箇所があるので、大型車の左後方にいる二輪車には十分注意しなければならない。,TRUE,,
756,36,自動二輪車での二人乗りは、同乗者が意に反した動きをすることがあり、運転者がイメージしたとおりのコーナーリングができなくなることがある。,TRUE,,
757,36,図のような標識がある交差点では、車は右折や直進をしてはならない。,TRUE,,Qimage19-24_35-74_36-52.png
758,36,図の標識のある道路では、自動二輪車での二人乗りが禁止されている。,TRUE,,Qimage34-3_35-12_36-53.png
759,36,原動機付自転車の最高速度は、標識などの指定がなければ３０キロメートル毎時である。,TRUE,,
760,36,走行中に後輪が右に横すべりしたとき、ハンドルを左に切るとよい。,FALSE,,
761,36,走行中の携帯電話の使用は大変危険なので、運転する前に電源を切るなどして呼び出し音が鳴らないようにしておく。,TRUE,,
762,36,図の標識は、すべての貨物自動車の通行止めを表している。,FALSE,,Qimage3-28_15-36_15-38_15-50_16-21_17-32_19-9_35-90_36-57.png
763,36,自動車の制限速度や積載制限などの規制は、交通公害とはとくに関係がない。,FALSE,,
764,36,時間制限駐車区間の標示板のある場所では、表示された時間内は、パーキングメーターを作動させないで駐車することができる。,FALSE,,
765,36,バス専用通行帯は普通車、大型車などは通行してはならないが、右左折する場合は通行してもよい。,TRUE,,
766,36,ハンドルのあそびは、まったくないほうがよい。,FALSE,,
767,36,センターラインを越えて追い越しをしようとするとき、前の車や対向車の進行を妨げるおそれがあるときは、追い越しをしてはいけない。,TRUE,,
768,36,自動車（小型特殊自動車、１２５ｃｃ以下の普通自動二輪車を除く）は、登録を受けて番号標を付けなければならない。,TRUE,,
769,36,車両通行帯のある道路で、指定された区分に従って通行しているときに緊急自動車が近づいてきても、そのまま進行してもよい。,FALSE,,
770,36,乗車定員１１人以上２９人以下のマイクロバスは、普通免許で運転することができる。,FALSE,,
771,36,同一方向に三つ以上の車両通行帯のある道路で通行区分を指定する標識などがなければ、その速度に応じ最も右側の車両通行帯以外の通行帯を通行する。,TRUE,,
772,36,正面の信号が赤色の点滅をしているときは、他の交通に注意してさえいれば徐行して進入してもよい。,FALSE,,
773,36,図の標示のあるところでは、車は矢印のように進路を変更することができる。,FALSE,,Qimage35-10_36-68.png
774,36,車両通行帯のないトンネルは追い越しが禁止されているが、車両通行帯のあるトンネルは禁止されていない。,TRUE,,
775,36,夜間の走行では、前車の尾灯や制動灯に特に注意する必要がある。,TRUE,,
776,36,車が衝突したときの衝撃力は、速度には関係があるが重量には関係ない。,FALSE,,
777,36,エンジンを止めて二輪車を押して歩くときであっても、歩道や横断歩道は通行できない。,FALSE,,
778,36,二輪車でブレーキをかけるときは、車体を垂直に保ち、ハンドルを切らない状態でエンジンブレーキをきかせながら、前後輪のブレーキを同時にかけるのがよい。,TRUE,,
779,36,交通の円滑をはかるため、道路や交通の状況に関係なく、定められた制限速度いっぱいで走るのがよい。,FALSE,,
780,36,交差点の中で、対面する信号が黄色になったときは、その場に停止しなければならない。,FALSE,,
781,36,図の標識のある場所は、車両のみ通行が禁止されており、歩行者は通行することができる。,TRUE,,Qimage4-7_16-32_18-29_19-40_35-29_36-76.png
782,36,図のような標示のあるところでは、駐車はできないが停車はしてもよい。,FALSE,,Qimage35-14_36-77.png
783,36,車の右側の道幅が３.５メートル以上の余地がなかったが、運転者が車の近くにいて指示をしながら１０分間、貨物の積みおろしを行った。,TRUE,,
784,36,高速道路において故障などのため運転できなくなり、やむを得ず駐車する場合には、十分な幅のある路肩や路側帯に駐車させなければならない。,TRUE,,
785,36,片側が、がけになっている狭い道路での行き違いは、がけ側の車があらかじめ停止して、対向の車を先に行かせるようにする。,TRUE,,
786,36,歩行者または自転車が、横断歩道や自転車横断帯を横断しようとしていないことが明らかな場合は、減速したり、一時停止しなくてもよい。,TRUE,,
787,36,トンネルの中は、車両通行帯の有無に関係なく、駐車や停車が禁止されている。,TRUE,,
788,36,二輪車は、カーブを曲がったり止まったりするような基本的な運転操作は、四輪車と同じ運転技術が必要である。,FALSE,,
789,36,大型二輪免許か普通二輪免許を受けていて、年齢が２０歳以上で、経験が３年以上の者であれば、高速道路（一部の自動車専用道路を除く）を自動二輪車で二人乗りをして運転してもよい。,TRUE,,
790,36,自動二輪車で二人乗りをするときは、運転者よりも同乗者の動きが遅れるため、危険回避がしにくくなるので注意が必要である。,TRUE,,
791,36,交差点以外で、横断歩道や自転車横断帯などがないところで、警察官などが手信号で止まれの合図をしているときの停止位置は、警察官などの手前１メートルである。,TRUE,,
792,36,図の標識のある場所では８時から２０時までの間は駐車も停車もできない。,TRUE,,Qimage35-25_36-87.png
793,36,電柱や街路樹に車をぶつけたときは、警察官への届け出はしなくてもよい。,FALSE,,
794,36,高速道路で故障してしまい、やむを得ず路肩に駐車するときは、昼間で視界が２００メートル以下の場合であっても、停止表示器材とあわせて、非常点滅表示灯か駐車灯または尾灯をつけなければならない。,TRUE,,
795,36,歩行者のそばを通るときは、常に一時停止しなければならない。,FALSE,,
796,36,高速道路の加速車線を60ｋｍ／ｈで進行中。本線車道に合流したいが、本線車道の後方に車が接近しているので、その車が通過した後に、もう一度安全を確かめてから合流する。,TRUE,,Qimage36_91_92_93.png
797,36,高速道路の加速車線を60ｋｍ／ｈで進行中。本線車道に合流したいが、ミラーには車が写っており、その他に車はいない状況なので、目視による安全確認をしないで合流する。,FALSE,,Qimage36_91_92_93.png
798,36,高速道路の加速車線を60ｋｍ／ｈで進行中。本線車道に合流したい。ミラーには車が写っているが、今であれば合流が可能なので急いで合流する。,FALSE ,,Qimage36_91_92_93.png
799,36,30ｋｍ／ｈで進行中。左の歩行者は自車に気付いてよけると思うので、対向車に注意しながらこのまま進行する。,FALSE,,Qimage36_94_95_96.png
800,36,30ｋｍ／ｈで進行中。左の歩行者が雪ですべり、転ぶかもしれないので徐々に速度を落として歩行者の前で停止する。,TRUE,,Qimage36_94_95_96.png
801,36,30ｋｍ／ｈで進行中。急いで歩行者をよけようとすると雪でスリップするかもしれないので、一旦停止して対向車と行き違ってからゆっくり右側に出て歩行者をよける。,TRUE,,Qimage36_94_95_96.png
802,36,40ｋｍ／ｈで進行中。トラックの向こうの横断歩道に歩行者がいるかもしれないので、横断歩道の手前で一時停止する。,TRUE,,Qimage36_97_98_99.png
803,36,40ｋｍ／ｈで進行中。トラックのドアが急に開くかもしれないので、側方に十分な間隔をあけて、いつでも止まれるような速度で接近し、横断歩道の手前で一時停止する。,TRUE,,Qimage36_97_98_99.png
804,36,40ｋｍ／ｈで進行中。対向車がこないうちにトラックの横を通過してしまいたいので、加速して走行する。,FALSE,,Qimage36_97_98_99.png
805,36,40ｋｍ／ｈで進行中、前方に観光バスが止まっている。バスの横でも対向車と行き違えると思うので、中央線をはみ出して走行する。,FALSE,,Qimage36_100_101_102.png
806,36,40ｋｍ／ｈで進行中、前方に観光バスが止まっている。バスのかげから歩行者が飛び出してくるかもしれないので、一旦停止して対向車と行き違ったあと、バスとの側方間隔を保ち、速度を落として通過する。,TRUE,,Qimage36_100_101_102.png
807,36,40ｋｍ／ｈで進行中、前方に観光バスが止まっている。右側の道路上に子どもがいるので、一旦停止して対向車と行き違ったあと、子どもの動きに注意して進行する。,TRUE,,Qimage36_100_101_102.png
808,36,夜間、40ｋｍ／ｈで進行中、対向車線側が渋滞。車の間から歩行者が飛び出してくるかもしれないので、速度を落とし、注意して走行する。,TRUE,,Qimage36_103_104_105.png
809,36,夜間、40ｋｍ／ｈで進行中、対向車線側が渋滞。ライトをつけているので、もし、車の間から人が横断しようとしても、気が付いて止まってくれるだろうから、そのままの速度で走行する。,FALSE,,Qimage36_103_104_105.png
810,36,夜間、40ｋｍ／ｈで進行中、対向車線側が渋滞。夜間は、前照灯の照らす範囲しか見えないので、昼間より速度はひかえめにして、人の飛び出しや、車の動きに注意する。,FALSE,,Qimage36_103_104_105.png